0.1,-0.0161012,0,-0.028786,-0.161012,-0.174592,-0.335744,-0.0622293,-0.169533,-0.00586708,0.952378,0.1,0,0.01,1
0.2,0.15461,-0.00491545,-0.00381031,1.70782,0.300959,0.492366,0.0945801,0.0684129,0.0675355,0.953613,0.199995,0.000999983,0.02,1
0.3,0.445642,-0.00602438,-0.0124628,2.91034,-0.0770991,0.0118984,0.0908203,0.0577594,0.0692354,0.952089,0.299975,0.00299985,0.03,1
0.4,0.642668,-0.00848,0.0309925,1.97041,1.18624,-0.602068,0.361059,-0.102096,-0.0460667,0.960935,0.39993,0.0059994,0.04,1
0.5,0.899609,-0.000514186,0.0253179,2.57065,1.29544,0.429782,0.57762,0.0215042,0.071037,0.957752,0.49985,0.00999833,0.05,1
0.6,0.816535,-0.0026179,0.0592529,-0.831007,1.06485,-0.0221211,0.736666,0.0129047,0.0727781,0.952991,0.599725,0.0149963,0.06,1
0.7,0.881336,0.00122624,0.112272,0.649148,0.456094,-0.228339,0.77307,-0.0376708,0.0258699,0.952823,0.699545,0.0209927,0.07,1
0.8,0.924648,0.00610953,0.142086,0.435868,0.894269,-0.312559,0.87192,-0.098111,-0.0332431,0.953089,0.7993,0.0279869,0.08,1
0.9,1.02845,0.0209577,0.129767,1.04854,0.576442,-0.293237,0.822874,-0.151216,-0.0674238,0.948686,0.89898,0.0359784,0.09,1
1,1.06668,0.0259477,0.128644,0.385613,1.09391,0.17748,0.832778,-0.0764659,0.0136192,0.959313,0.998576,0.0449663,0.1,1
1.1,1.281,0.0536712,0.140894,2.16101,1.28435,0.00852524,0.925177,-0.06404,0.0437536,0.958724,1.09808,0.0549496,0.11,1
1.2,1.45769,0.0787322,0.172593,1.78461,1.57389,-0.0510623,1.04842,-0.057627,0.0551935,0.959899,1.19747,0.0659274,0.12,1
1.3,1.53041,0.0914099,0.206763,0.738204,1.70198,0.263664,1.25345,0.01328,0.122644,0.951551,1.29675,0.0778987,0.13,1
1.4,1.49354,0.0836749,0.247046,-0.376777,1.2618,-0.219721,1.34612,-0.0279195,0.0831679,0.953269,1.39591,0.0908621,0.14,1
1.5,1.77245,0.154016,0.256444,2.87647,1.80245,0.39823,1.63278,0.0652029,0.167561,0.94845,1.49493,0.104816,0.15,1
1.6,1.7852,0.157358,0.314768,0.131768,1.4463,0.377509,1.75326,0.143586,0.238834,0.958744,1.59381,0.11976,0.16,1
1.7,1.98478,0.222342,0.274498,2.09897,2.28125,-0.0094533,1.9414,0.127732,0.213487,0.951607,1.69253,0.135692,0.17,1
1.8,2.15164,0.26933,0.310255,1.73346,1.89256,0.110709,1.97009,0.135391,0.227163,0.952424,1.79109,0.15261,0.18,1
1.9,2.20595,0.286742,0.304058,0.570337,2.31885,0.65245,2.21797,0.231578,0.305344,0.952132,1.88947,0.170513,0.19,1
2,2.40769,0.350046,0.29539,2.11442,2.41018,0.708911,2.2499,0.347984,0.365297,0.955368,1.98767,0.189399,0.2,1
2.1,2.51707,0.383329,0.304083,1.1433,2.84598,0.643772,2.49815,0.412457,0.434255,0.949677,2.08568,0.209266,0.21,1
2.2,2.5326,0.388203,0.331071,0.162775,2.51712,0.664485,2.43489,0.470126,0.485927,0.956836,2.18348,0.230112,0.22,1
2.3,2.54376,0.39204,0.409835,0.118027,2.4935,-0.223376,2.35771,0.399456,0.421375,0.960104,2.28107,0.251935,0.23,1
2.4,2.49313,0.370043,0.419363,-0.552037,2.48266,0.546936,2.49392,0.442635,0.44458,0.953576,2.37844,0.274733,0.24,1
2.5,2.45366,0.352447,0.416971,-0.432152,2.14054,0.417688,2.58727,0.475603,0.452045,0.985406,2.47557,0.298503,0.25,1
2.6,2.45309,0.352196,0.416677,-0.00620759,2.34721,0.586356,2.64344,0.507586,0.457872,0.95642,2.57246,0.323243,0.26,1
2.7,2.50642,0.375796,0.479917,0.583122,2.63084,0.684584,2.56305,0.554373,0.497158,0.955815,2.6691,0.348952,0.27,1
2.8,2.52316,0.38451,0.499454,0.188736,2.67458,0.24589,2.6404,0.527025,0.435781,0.95229,2.76548,0.375625,0.28,1
2.9,2.58312,0.417226,0.511689,0.683077,2.70858,0.273712,2.74242,0.551382,0.419317,0.955041,2.86159,0.40326,0.29,1
3,2.6943,0.479662,0.475902,1.27513,2.59778,0.311877,2.60512,0.589646,0.389161,0.955106,2.95741,0.431855,0.3,1
3.1,2.80218,0.535264,0.497098,1.21365,2.93621,0.260388,2.69114,0.557716,0.393994,0.956221,3.05294,0.461407,0.31,1
3.2,2.937,0.608408,0.541002,1.53381,2.97759,0.468812,2.71474,0.547868,0.411396,0.959574,3.14818,0.491913,0.32,1
3.3,3.11009,0.7124,0.520418,2.01928,3.50466,0.591715,2.87874,0.564141,0.4043,0.972386,3.2431,0.52337,0.33,1
3.4,3.30479,0.823986,0.495404,2.2441,2.95377,0.718778,3.01379,0.585984,0.450039,0.954621,3.33771,0.555774,0.34,1
3.5,3.41331,0.882626,0.48544,1.23351,3.2146,0.836591,3.16549,0.604841,0.474558,0.955384,3.43198,0.589123,0.35,1
3.6,3.37744,0.863704,0.484455,-0.405537,3.39218,0.692873,3.35099,0.628045,0.479972,0.953129,3.52592,0.623413,0.36,1
3.7,3.52643,0.942113,0.468346,1.68359,3.82869,1.13968,3.74321,0.675907,0.495606,0.95515,3.61951,0.65864,0.37,1
3.8,3.65406,1.00668,0.545252,1.43034,3.47572,1.29037,3.57964,0.784961,0.571813,0.952905,3.71274,0.694802,0.38,1
3.9,3.83518,1.11655,0.571568,2.11842,3.82038,0.950979,3.56174,0.822404,0.549165,0.966303,3.80561,0.731894,0.39,1
4,3.92492,1.17427,0.580316,1.06695,3.74753,0.772153,3.53143,0.844271,0.583214,0.96202,3.8981,0.769913,0.4,1
4.1,3.99354,1.21925,0.541811,0.820523,3.97395,1.56656,3.83498,0.968252,0.638931,0.953328,3.9902,0.808854,0.41,1
4.2,3.99034,1.21733,0.533606,-0.0372889,3.70476,1.29178,3.6478,1.11356,0.695129,0.953989,4.08192,0.848715,0.42,1
4.3,3.97547,1.20854,0.470762,-0.172752,3.91232,1.67108,3.97602,1.24494,0.750631,0.957973,4.17322,0.889491,0.43,1
4.4,3.78806,1.11317,0.459239,-2.10283,3.97909,0.857962,3.92211,1.30494,0.739807,0.961442,4.26412,0.931178,0.44,1
4.5,3.96524,1.20078,0.498527,1.97658,4.05017,1.02737,3.85978,1.30649,0.776177,0.956886,4.3546,0.973772,0.45,1
4.6,4.04936,1.24658,0.488939,0.957794,4.26711,1.367,4.03052,1.34327,0.765613,0.953321,4.44464,1.01727,0.46,1
4.7,4.0831,1.26453,0.515755,0.382184,3.95814,1.21814,4.11761,1.30495,0.837189,0.953147,4.53425,1.06166,0.47,1
4.8,4.19122,1.32582,0.492244,1.24284,4.21706,1.24278,4.24448,1.28958,0.86661,0.953062,4.6234,1.10695,0.48,1
4.9,4.18444,1.32219,0.50267,-0.0768864,4.47697,1.29289,4.53183,1.37698,0.961247,0.956393,4.7121,1.15313,0.49,1
5,4.05138,1.24904,0.502876,-1.51844,4.0631,0.940497,4.41624,1.44164,0.905183,0.956268,4.80034,1.20019,0.5,1
5.1,3.99526,1.21817,0.51427,-0.640482,4.04563,1.44781,4.39409,1.43252,0.918527,0.954854,4.88809,1.24814,0.51,1
5.2,4.04219,1.24468,0.534528,0.539003,4.35296,1.26947,4.62756,1.5185,0.946075,0.971817,4.97537,1.29695,0.52,1
5.3,4.29138,1.3922,0.506049,2.89577,4.1482,1.42224,4.65642,1.63016,0.937772,0.96794,5.06215,1.34664,0.53,1
5.4,4.35457,1.42723,0.490372,0.722528,4.60226,1.74302,4.61951,1.74788,0.976155,0.953048,5.14843,1.39719,0.54,1
5.5,4.38707,1.44458,0.511152,0.368393,4.44985,1.62446,4.58581,1.79226,1.04003,0.952791,5.2342,1.44861,0.55,1
5.6,4.47751,1.4953,0.533813,1.03693,4.24744,1.39575,4.6229,1.86042,1.01356,0.959442,5.31945,1.50088,0.56,1
5.7,4.55799,1.54287,0.574641,0.934884,4.53356,1.71073,4.43444,1.90602,0.983548,0.95917,5.40418,1.554,0.57,1
5.8,4.64418,1.59868,0.600212,1.02674,4.91166,1.93849,4.61738,1.94159,0.96587,0.954968,5.48837,1.60796,0.58,1
5.9,4.75924,1.67743,0.60264,1.39433,4.62815,1.20048,4.60945,1.97545,1.00739,0.966039,5.57202,1.66276,0.59,1
6,4.88017,1.76063,0.654211,1.46791,5.23076,1.79614,4.75625,2.05467,1.00695,0.958348,5.65511,1.7184,0.6,1
6.1,4.92541,1.79533,0.662033,0.570116,4.46808,1.89113,4.43561,2.1705,0.994647,0.96304,5.73764,1.77486,0.61,1
6.2,4.92279,1.79328,0.660154,-0.0332829,5.04053,1.69555,4.82708,2.10471,0.939983,0.942525,5.81961,1.83215,0.62,1
6.3,4.95906,1.82144,0.648285,0.459263,4.68483,1.52339,5.00489,2.13418,0.919845,0.98094,5.901,1.89025,0.63,1
6.4,4.93572,1.80376,0.665895,-0.292846,4.82407,1.61432,4.8335,2.17446,0.890603,0.959383,5.9818,1.94917,0.64,1
6.5,5.0429,1.88796,0.673738,1.36293,4.7316,2.03299,4.84806,2.08224,0.953106,0.951526,6.06201,2.00888,0.65,1
6.6,5.12405,1.95275,0.631914,1.03847,5.12616,2.29015,5.07871,2.35716,0.926183,0.954182,6.14162,2.0694,0.66,1
6.7,5.27573,2.06378,0.612682,1.87974,5.23804,1.84491,4.88806,2.32848,0.931131,0.973123,6.22062,2.13072,0.67,1
6.8,5.43539,2.17601,0.600988,1.95159,5.45966,2.26685,5.20007,2.37849,0.936613,0.947409,6.299,2.19281,0.68,1
6.9,5.34332,2.11289,0.600694,-1.11626,5.19369,2.294,5.41555,2.34657,0.916494,0.961896,6.37676,2.25569,0.69,1
7,5.62728,2.30745,0.643809,3.44215,6.09386,2.20478,5.82846,2.58723,0.949834,0.956009,6.45388,2.31935,0.7,1
7.1,5.70862,2.36849,0.637433,1.01693,4.85781,1.98259,5.55644,2.33793,0.920489,0.943269,6.53036,2.38377,0.71,1
7.2,5.70038,2.36239,0.666352,-0.10251,5.62405,2.35899,5.43229,2.30307,0.943298,0.968364,6.6062,2.44895,0.72,1
7.3,5.6645,2.33418,0.681028,-0.456437,5.97612,2.24274,5.90866,2.42555,0.92757,0.950794,6.68138,2.51489,0.73,1
7.4,5.731,2.38807,0.708212,0.855944,5.92699,2.24137,6.01273,2.29107,0.955008,0.952816,6.7559,2.58158,0.74,1
7.5,5.69645,2.35847,0.695488,-0.454907,5.66168,2.73754,5.65004,2.34611,0.980722,0.96835,6.82975,2.64901,0.75,1
7.6,5.78043,2.42857,0.686945,1.09391,5.47556,2.27419,5.67042,2.22008,0.952084,0.954826,6.90291,2.71717,0.76,1
7.7,5.88487,2.51423,0.675009,1.35074,5.45964,2.29183,5.74787,2.31478,0.908097,0.955118,6.9754,2.78606,0.77,1
7.79999,5.97337,2.58507,0.697969,1.13365,5.59754,2.44638,5.62065,2.48742,0.958871,0.953484,7.04719,2.85568,0.78,1
7.89999,6.02887,2.63162,0.751245,0.724327,5.8904,2.57024,5.60835,2.61577,0.946407,0.959906,7.11828,2.926,0.79,1
7.99999,6.09936,2.69746,0.745058,0.964536,6.16077,2.82032,5.61856,2.72107,0.963289,0.980648,7.18866,2.99704,0.8,1
8.09999,6.1609,2.75422,0.726343,0.837204,6.63701,2.66483,6.06413,2.91687,0.892448,0.968869,7.25834,3.06877,0.81,1
8.2,6.23317,2.81842,0.72147,0.966719,6.22378,2.84121,6.37042,2.99639,0.94313,0.958626,7.32729,3.1412,0.82,1
8.3,6.26997,2.8508,0.689966,0.49014,6.36616,2.9749,6.23517,3.00732,0.961311,0.960343,7.39551,3.21432,0.83,1
8.4,6.35235,2.91878,0.679407,1.06808,6.44075,3.03047,6.31035,3.08798,0.938327,0.953905,7.463,3.28811,0.839999,1
8.5,6.40799,2.96372,0.676589,0.715241,6.55878,3.01306,6.27446,3.19942,0.880488,0.972605,7.52974,3.36258,0.849999,1
8.6,6.43275,2.9836,0.672132,0.31751,6.21755,2.68707,6.24209,3.2114,0.885751,0.954971,7.59574,3.4377,0.859999,1
8.7,6.50848,3.04387,0.655848,0.967851,6.61303,3.16376,6.18438,3.1683,0.872128,0.968513,7.66098,3.51349,0.869999,1
8.8,6.60377,3.11719,0.701507,1.20235,6.81322,3.0152,6.34986,3.18475,0.849962,0.950442,7.72547,3.58992,0.879999,1
8.9,6.70124,3.19954,0.666995,1.27599,6.63015,3.25035,6.77382,3.3336,0.809497,0.971535,7.78918,3.66699,0.889999,1
9,6.84595,3.31347,0.722937,1.84177,6.83032,2.93564,6.55095,3.31045,0.80472,0.961207,7.85212,3.7447,0.899999,1
9.1,6.93075,3.3883,0.722045,1.13094,7.03316,3.22267,7.0251,3.42437,0.823223,0.956673,7.91428,3.82303,0.909999,1
9.2,7.02016,3.46704,0.704839,1.1914,6.89809,3.72509,6.94484,3.44081,0.802088,0.958669,7.97566,3.90198,0.919999,1
9.3,7.08351,3.52092,0.710543,0.831666,7.1346,3.41604,7.12232,3.63416,0.785036,0.957161,8.03624,3.98154,0.929999,1
9.4,7.12984,3.56078,0.768601,0.611147,7.49027,3.14765,7.13223,3.65755,0.7484,0.966571,8.09602,4.06171,0.939999,1
9.5,7.04836,3.482,0.79379,-1.13331,7.13561,3.91405,7.11597,3.72404,0.749146,0.953007,8.155,4.14246,0.949999,1
9.6,7.12451,3.55944,0.797405,1.086,7.12612,3.86709,7.36797,3.7632,0.779534,0.975446,8.21317,4.2238,0.959999,1
9.7,7.15941,3.59519,0.776008,0.499587,7.16492,3.78268,7.49439,3.66877,0.828016,0.965356,8.27052,4.30572,0.969999,1
9.8,7.18773,3.62298,0.770538,0.396834,7.27298,3.13988,7.51192,3.54464,0.803593,0.948332,8.32705,4.38821,0.979999,1
9.9,7.217,3.65139,0.832343,0.407873,7.35331,3.39275,7.45063,3.52471,0.797817,0.949524,8.38275,4.47126,0.989999,1
10,7.20432,3.63747,0.871528,-0.188272,7.52381,4.00598,7.26748,3.88996,0.778468,0.950696,8.43762,4.55486,0.999999,1
10.1,7.17562,3.60334,0.857866,-0.445996,6.86584,3.60103,7.37915,3.94113,0.779538,0.986552,8.49165,4.63901,1.01,1
10.2,7.31823,3.76828,0.849099,2.18053,7.45842,3.84957,7.19919,4.07584,0.808619,0.961029,8.54484,4.72369,1.02,1
10.3,7.3445,3.79813,0.882423,0.397584,7.4797,4.1566,7.25523,4.00874,0.802363,0.972465,8.59718,4.8089,1.03,1
10.4,7.4873,3.97173,0.868698,2.24786,7.43411,4.3728,7.49583,4.23881,0.821032,0.951813,8.64866,4.89463,1.04,1
10.5,7.59317,4.09688,0.836023,1.63924,7.11651,3.69502,7.28783,4.25875,0.801814,0.980039,8.69928,4.98087,1.05,1
10.6,7.6476,4.15712,0.869978,0.811927,7.99314,4.16955,7.53358,4.40837,0.817053,0.967707,8.74904,5.06762,1.06,1
10.7,7.71249,4.23403,0.863631,1.00627,7.78944,4.37981,7.58145,4.279,0.821624,0.966959,8.79792,5.15485,1.07,1
10.8,7.76446,4.29485,0.866051,0.799935,8.13606,4.69504,7.87908,4.24213,0.837989,0.97366,8.84594,5.24257,1.08,1
10.9,7.81193,4.35067,0.923246,0.732785,7.62001,4.38226,7.75086,4.18081,0.866423,0.963096,8.89307,5.33077,1.09,1
11,7.92081,4.49462,0.891318,1.80487,7.83285,4.79314,7.90161,4.31745,0.88028,0.983057,8.93932,5.41943,1.1,1
11.1,7.91392,4.48608,0.851649,-0.109687,7.67603,3.98944,7.86515,3.99905,0.893318,0.952085,8.98468,5.50855,1.11,1
11.2,7.94418,4.52065,0.880653,0.459433,7.99961,4.59764,7.9531,4.30623,0.889807,0.950267,9.02914,5.59812,1.12,1
11.3,7.93159,4.50539,0.876308,-0.197847,7.91136,4.30213,7.98143,4.35294,0.916845,0.951437,9.07271,5.68813,1.13,1
11.4,8.07384,4.67618,0.871752,2.2227,8.46311,4.76328,8.53722,4.51447,0.896746,0.96347,9.11538,5.77857,1.14,1
11.5,8.23278,4.86525,0.885565,2.47004,7.73177,5.1873,7.86257,4.68889,0.93779,0.938249,9.15714,5.86944,1.15,1
11.6,8.28524,4.92943,0.895162,0.828853,8.36089,4.92183,8.02894,4.72702,0.983534,0.9771,9.19799,5.96071,1.16,1
11.7,8.33874,4.99619,0.882841,0.855582,8.49298,5.03426,7.94701,4.84063,0.969837,0.980612,9.23792,6.05239,1.17,1
11.8,8.47582,5.16298,0.921743,2.15889,8.43527,5.18398,7.95892,4.78944,0.959039,0.970013,9.27694,6.14447,1.18,1
11.9,8.52826,5.23208,0.969393,0.867449,8.36856,5.18784,8.05867,5.02714,0.989849,0.970795,9.31503,6.23693,1.19,1
12,8.66178,5.42667,0.989973,2.35998,9.20378,5.63804,8.13835,5.16275,0.986009,0.995698,9.35219,6.32976,1.2,1
12.1,8.6815,5.45671,1.07711,0.359269,8.51772,5.66374,8.13789,5.44195,0.970796,0.968553,9.38843,6.42297,1.21,1
12.2,8.69346,5.47894,1.08131,0.252476,8.74502,5.47093,8.43608,5.661,0.962327,0.958974,9.42373,6.51653,1.22,1
12.3,8.77924,5.63996,1.10157,1.82438,8.77921,5.74907,8.89864,5.61484,0.999322,0.959734,9.4581,6.61044,1.23,1
12.4,8.76824,5.61826,1.16202,-0.243236,8.79536,5.48013,8.63911,5.52856,1.00276,0.969175,9.49152,6.70469,1.24,1
12.5,8.76623,5.61361,1.19321,-0.0506644,8.59,5.1753,8.48307,5.56036,1.03329,0.971424,9.524,6.79927,1.25,1
12.6,8.74762,5.56671,1.20331,-0.504586,8.71371,5.37654,8.60198,5.64909,1.02562,0.99672,9.55553,6.89417,1.26,1
12.7,8.84729,5.82561,1.20688,2.7743,8.73843,5.47537,8.75507,5.78385,1.01896,0.98314,9.58611,6.98937,1.27,1
12.8,8.84146,5.81029,1.19625,-0.163974,9.03665,5.18588,8.82384,5.64247,1.03314,0.992422,9.61574,7.08488,1.28,1
12.9,8.87374,5.89242,1.21486,0.882408,8.97107,6.06989,8.88497,5.88627,1.01883,0.950372,9.64441,7.18069,1.29,1
13,8.87818,5.90435,1.1955,0.127301,8.91813,5.79082,8.96432,5.6858,0.998592,0.958278,9.67212,7.27677,1.3,1
13.1,8.86221,5.86382,1.19053,-0.435597,8.89593,6.14096,8.8783,5.8366,1.06522,0.956529,9.69887,7.37313,1.31,1
13.2,8.92334,6.01674,1.25701,1.64683,9.02381,5.93501,8.82797,5.91368,1.06076,0.957806,9.72466,7.46974,1.32,1
13.3,8.93348,6.04801,1.29419,0.32875,8.88361,5.74327,9.09393,5.79004,1.08201,0.954364,9.74948,7.56662,1.33,1
13.4,8.9317,6.04174,1.29089,-0.0651877,8.68168,6.26384,8.94944,6.0419,1.12322,1.00129,9.77332,7.66373,1.34,1
13.5,8.98658,6.23264,1.32722,1.98627,8.62323,6.27675,8.94827,6.10351,1.12791,0.958697,9.7962,7.76108,1.35,1
13.6,9.01651,6.35311,1.31234,1.24139,9.30911,6.40504,8.9956,6.19441,1.19578,0.969657,9.8181,7.85865,1.36,1
13.7,9.09479,6.64918,1.33356,3.06245,8.72584,6.39394,9.02113,6.25905,1.22774,0.986901,9.83903,7.95644,1.37,1
13.8,9.13065,6.79752,1.31538,1.52615,9.30565,7.20929,8.75809,6.75401,1.22075,0.963611,9.85897,8.05443,1.38,1
13.9,9.15922,6.90691,1.28026,1.13058,8.86818,6.44711,9.30927,6.81898,1.26841,0.979607,9.87793,8.15261,1.39,1
14,9.13822,6.83669,1.32487,-0.732924,9.1088,6.774,9.27351,6.80693,1.35537,0.953843,9.89592,8.25098,1.4,1
14.1,9.17096,6.96711,1.33428,1.34465,9.25124,6.92337,9.42983,6.72716,1.39235,0.983187,9.91291,8.34953,1.41,1
14.2,9.18206,7.01317,1.31791,0.473737,8.99217,7.13853,9.29257,6.91831,1.30445,0.95375,9.92892,8.44824,1.42,1
14.3,9.19656,7.06927,1.28884,0.579426,9.38318,7.45841,9.29085,7.04912,1.31071,0.994254,9.94394,8.5471,1.43,1
14.4,9.21545,7.13449,1.29916,0.679099,9.58949,7.25105,9.53395,7.24925,1.29436,0.951545,9.95798,8.64611,1.44,1
14.5,9.27201,7.33755,1.28898,2.10783,9.32358,7.41487,9.28513,7.18597,1.33507,0.971145,9.97102,8.74526,1.45,1
14.6,9.3054,7.45291,1.3532,1.20096,9.28649,7.63615,9.05999,7.6246,1.28082,0.96427,9.98307,8.84453,1.46,1
14.7,9.33385,7.58158,1.36855,1.31786,9.1251,7.99359,8.94745,7.69838,1.30374,0.971273,9.99413,8.94392,1.47,1
14.8,9.34045,7.61375,1.41234,0.328297,9.33907,7.75257,9.13382,7.7556,1.30857,0.954365,10.0042,9.04341,1.48,1
14.9,9.35479,7.70349,1.4335,0.908844,9.66045,7.54073,9.28152,7.85299,1.26229,0.972108,10.0133,9.143,1.49,1
15,9.36001,7.74131,1.42938,0.381734,9.25266,7.66469,9.42149,7.87786,1.27793,0.957511,10.0213,9.24267,1.5,1
15.1,9.36867,7.80211,1.40569,0.614197,9.5609,7.61137,9.059,7.55421,1.30583,0.964564,10.0284,9.34242,1.51,1
15.2,9.37965,7.86802,1.39227,0.668199,9.65022,8.08636,9.28252,7.84195,1.27004,0.988462,10.0345,9.44224,1.52,1
15.3,9.40342,7.99973,1.4088,1.33832,9.34311,7.96229,9.61617,7.83232,1.247,0.962042,10.0396,9.54211,1.53,1
15.4,9.43002,8.16251,1.40866,1.64942,9.47282,8.09272,9.33944,8.11596,1.22502,0.986724,10.0436,9.64202,1.54,1
15.5,9.4273,8.14589,1.36667,-0.168414,8.91491,8.18475,8.97262,8.41999,1.23732,0.95234,10.0467,9.74198,1.55,1
15.6,9.48828,8.44045,1.38053,3.00808,9.3707,8.45017,9.00506,8.4081,1.22193,0.983824,10.0488,9.84196,1.56,1
15.7,9.49753,8.48846,1.40784,0.488858,9.28101,8.31349,9.14766,8.54868,1.21407,0.956736,10.0499,9.94195,1.57,1
15.8,9.51364,8.58644,1.39697,0.993039,9.65126,8.47883,9.74204,8.51881,1.16935,0.960157,10.05,10.042,1.58,1
15.9,9.5362,8.71494,1.39654,1.30463,9.30926,8.57137,9.67909,8.74913,1.1826,0.9951,10.049,10.1419,1.59,1
16,9.55624,8.8288,1.34929,1.1561,9.78208,9.05063,9.75003,8.8167,1.20081,0.969221,10.0471,10.2419,1.6,1
16.1,9.61391,9.08487,1.3189,2.6248,9.08604,9.15466,9.58814,9.21997,1.29729,0.978021,10.0442,10.3419,1.61,1
16.2,9.58572,8.97531,1.34351,-1.1313,9.52578,8.93998,9.99671,8.87224,1.34196,0.973229,10.0403,10.4418,1.62,1
16.3,9.64634,9.23744,1.37017,2.69054,9.4903,8.86406,9.91385,9.09352,1.38784,0.993585,10.0354,10.5417,1.63,1
16.4,9.65975,9.30336,1.41987,0.672677,9.70505,9.24379,10.0719,9.22973,1.44903,0.964994,10.0294,10.6415,1.64,1
16.5,9.66187,9.31735,1.42879,0.141457,9.47809,8.52236,9.44164,8.63485,1.46332,0.947756,10.0225,10.7413,1.65,1
16.6,9.67569,9.41401,1.46108,0.976491,9.85245,9.05156,9.37773,8.67972,1.5027,0.9711,10.0146,10.841,1.66,1
16.7,9.67008,9.363,1.48382,-0.513186,9.49562,9.20907,9.35676,8.7796,1.53233,0.956884,10.0057,10.9406,1.67,1
16.8,9.68425,9.52554,1.49107,1.63151,9.73511,9.46724,9.17595,8.9629,1.60196,0.967477,9.9958,11.0401,1.68,1
16.9,9.69881,9.70777,1.47925,1.82815,9.4847,9.81039,9.23809,9.24576,1.60133,0.962883,9.9849,11.1395,1.69,1
17,9.70126,9.73451,1.49308,0.268497,9.1407,10.1768,9.32126,9.35851,1.66324,0.979706,9.97301,11.2388,1.7,1
17.1,9.70974,9.84341,1.47265,1.09229,9.76729,9.42531,9.46654,9.26752,1.66308,0.985841,9.96012,11.3379,1.71,1
17.2,9.71618,9.90882,1.47869,0.65733,9.97226,9.61906,9.90856,9.74111,1.68291,0.951766,9.94625,11.437,1.72,1
17.3,9.73199,10.08,1.47321,1.71883,9.56391,9.82846,9.71203,10.0219,1.69303,0.989275,9.93139,11.5359,1.73,1
17.4,9.75111,10.2753,1.49305,1.96258,9.60966,10.4258,9.87972,10.3259,1.75343,0.970335,9.91553,11.6346,1.74,1
17.5,9.74675,10.2193,1.4813,-0.562028,9.91546,9.93316,9.95524,10.3208,1.68963,0.977287,9.89869,11.7332,1.75,1
17.6,9.75489,10.31,1.47721,0.911429,9.76353,10.2485,9.54766,10.4106,1.71804,0.98414,9.88087,11.8316,1.76,1
17.7,9.77055,10.4768,1.4936,1.67536,9.7415,10.4318,9.60173,10.5076,1.71078,0.995377,9.86206,11.9298,1.77,1
17.8,9.77741,10.5655,1.44339,0.889356,9.84855,11.1303,9.6175,10.3503,1.64059,0.959602,9.84227,12.0278,1.78,1
17.9,9.81073,10.8257,1.44182,2.62266,9.72383,10.9712,9.66608,10.6415,1.64614,0.951647,9.8215,12.1256,1.79,1
18,9.82026,10.8991,1.45047,0.740551,10.075,11.0342,10.2495,10.9093,1.71773,0.970946,9.79976,12.2232,1.8,1
18.1,9.82895,10.971,1.47124,0.723782,9.43113,11.0102,9.98158,10.9009,1.72484,1.001,9.77704,12.3206,1.81,1
18.2,9.82777,10.9592,1.48022,-0.117956,10.4542,10.887,10.1309,10.8315,1.76048,0.977438,9.75335,12.4178,1.82,1
18.3,9.84487,11.1474,1.50914,1.88983,9.47608,11.3176,9.87959,11.0522,1.83693,0.9972,9.72868,12.5147,1.83,1
18.4,9.86031,11.3977,1.57499,2.50707,10.1726,11.3927,10.1525,10.9847,1.74916,0.958365,9.70305,12.6113,1.84,1
18.5,9.86027,11.4092,1.60176,0.114957,9.45126,11.6218,9.7643,11.296,1.8791,1.00481,9.67646,12.7077,1.85,1
18.6,9.85457,11.5931,1.62655,1.84057,9.57703,11.0951,9.37988,11.4254,1.85831,0.978365,9.6489,12.8039,1.86,1
18.7,9.84802,11.7104,1.63937,1.17503,10.2547,12.4533,9.5713,12.8724,1.74341,0.958638,9.62038,12.8997,1.87,1
18.8,9.84837,11.7053,1.70943,-0.0511893,9.44509,11.4873,9.58238,12.4456,1.80272,1.00187,9.5909,12.9953,1.88,1
18.9,9.82916,11.843,1.73486,1.39018,9.49996,11.847,9.57559,12.1738,1.81633,1.00126,9.56047,13.0905,1.89,1
19,9.81675,11.918,1.74936,0.759892,9.80754,12.0658,9.73719,11.8989,1.80124,0.961009,9.52909,13.1855,1.9,1
19.1,9.81868,11.9073,1.72517,-0.109038,9.75759,11.7452,9.92405,11.62,1.74795,0.966614,9.49676,13.2801,1.91,1
19.2,9.79439,12.0634,1.74803,1.58,9.72076,12.1096,9.93065,11.8706,1.80062,0.988737,9.46349,13.3744,1.92,1
19.3,9.79211,12.0761,1.72018,0.129557,9.40559,12.1051,9.49487,12.2921,1.76821,0.956992,9.42927,13.4684,1.93,1
19.4,9.76835,12.234,1.70287,1.59633,9.75545,12.5052,9.5844,12.2896,1.78511,0.963259,9.39412,13.562,1.94,1
19.5,9.77176,12.2083,1.67929,-0.258996,9.84484,12.3558,9.68175,12.3536,1.72185,0.95234,9.35803,13.6552,1.95,1
19.6,9.76272,12.2912,1.75003,0.834256,10.0123,12.5466,9.66065,12.44,1.66851,0.991332,9.32102,13.7481,1.96,1
19.7,9.77426,12.2276,1.76165,-0.647142,9.27081,12.3916,9.62271,12.6055,1.78962,0.981039,9.28307,13.8407,1.97,1
19.8,9.73629,12.4241,1.75157,2.00171,9.44811,12.5643,9.46871,12.7275,1.68026,0.953276,9.2442,13.9328,1.98,1
19.9,9.72461,12.488,1.75641,0.649433,9.70156,12.7141,9.36928,13.0406,1.68049,0.982965,9.20442,14.0245,1.99,1
20,9.70881,12.5721,1.76698,0.856165,9.55137,12.3727,9.50341,12.6686,1.59327,0.948092,9.16371,14.1159,2,1
20.1,9.71354,12.5483,1.77613,-0.242574,9.35105,12.1314,9.47909,12.543,1.64233,1.00015,9.1221,14.2068,2.01,1
20.2,9.72279,12.504,1.80983,-0.453444,10.0093,12.5127,9.41729,12.8444,1.57171,0.979613,9.07958,14.2973,2.02,1
20.3,9.65443,12.7845,1.83094,2.88722,9.73347,12.6739,9.29236,12.5786,1.56493,0.972376,9.03615,14.3874,2.03,1
20.4,9.63432,12.86,1.84103,0.78168,9.6382,12.7011,9.27357,12.6713,1.46332,0.977019,8.99183,14.477,2.04,1
20.5,9.54859,13.1695,1.90862,3.21154,9.31185,13.1292,9.10265,13.2196,1.34485,0.968298,8.94661,14.5662,2.05,1
20.6,9.49048,13.3349,1.89723,1.75339,9.72598,14.0295,9.28523,13.5338,1.29387,1.0046,8.90051,14.655,2.06,1
20.7,9.46963,13.3965,1.9404,0.650169,9.72578,13.4322,9.74197,13.1963,1.33797,0.964763,8.85351,14.7432,2.07,1
20.8,9.44326,13.4646,1.94243,0.729884,8.91837,13.9037,9.60654,14.1148,1.28782,0.951239,8.80564,14.831,2.08,1
20.9,9.39515,13.588,2.01189,1.3249,9.02523,13.42,8.97563,14.4807,1.37501,0.955554,8.75689,14.9184,2.09,1
21,9.4386,13.496,1.99584,-1.01766,9.40944,13.3934,9.01389,14.0082,1.35909,0.957501,8.70727,15.0052,2.1,1
21.1,9.43702,13.4995,2.07515,0.0382987,9.21771,13.5234,9.09006,13.7564,1.31013,0.951526,8.65679,15.0915,2.11,1
21.2,9.50726,13.3722,2.0895,-1.45359,9.29938,13.492,9.04051,13.4591,1.28484,0.974541,8.60544,15.1773,2.12,1
21.3,9.37648,13.6013,2.15442,2.63809,8.98971,13.9701,8.74396,13.5284,1.30143,0.969011,8.55324,15.2626,2.13,1
21.4,9.38821,13.5836,2.19616,-0.212963,9.1191,13.5901,9.0582,13.397,1.27167,0.951709,8.50019,15.3474,2.14,1
21.5,9.2351,13.7956,2.25435,2.61553,8.8999,13.3625,9.08574,13.7194,1.24128,0.96725,8.4463,15.4316,2.15,1
21.6,9.16876,13.8771,2.25235,1.05038,9.39875,13.6833,9.18363,13.4083,1.24051,0.953857,8.39156,15.5153,2.16,1
21.7,9.11996,13.9372,2.25434,0.774633,8.91312,14.1774,8.84814,14.2218,1.25987,0.971309,8.33599,15.5984,2.17,1
21.8,9.04725,14.0265,2.29277,1.1514,9.42697,14.0175,9.01359,14.079,1.19279,0.995865,8.27959,15.681,2.18,1
21.9,9.10446,13.9615,2.29176,-0.865795,9.36489,13.8012,8.9874,14.0048,1.17262,0.96732,8.22237,15.763,2.19,1
22,9.09108,13.9767,2.37436,0.202789,8.6717,13.8935,8.69296,14.4016,1.15239,0.956421,8.16433,15.8445,2.2,1
22.1,8.95034,14.1125,2.42567,1.95516,8.98134,14.0764,8.61895,14.0628,1.09546,0.978428,8.10548,15.9253,2.21,1
22.2,8.79733,14.2456,2.4712,2.02801,8.78764,14.173,8.64156,14.2574,1.04988,0.958608,8.04583,16.0056,2.22,1
22.3,8.75888,14.276,2.47759,0.490652,8.58505,13.756,8.68633,13.835,1.08098,0.952378,7.98537,16.0852,2.23,1
22.4,8.67182,14.3442,2.47973,1.10551,9.05681,14.4032,8.67451,14.2736,1.07997,0.979253,7.92412,16.1643,2.24,1
22.5,8.64794,14.3628,2.47995,0.302709,8.73572,14.341,8.58174,14.7301,1.01412,0.972037,7.86209,16.2427,2.25,1
22.6,8.55081,14.4384,2.54145,1.23103,8.76023,14.2702,8.72219,14.5853,1.046,0.993985,7.79927,16.3205,2.26,1
22.7001,8.45179,14.5062,2.55489,1.19992,9.08443,14.414,8.7752,14.455,1.03079,0.988861,7.73568,16.3977,2.27,1
22.8001,8.45209,14.506,2.51485,-0.00357318,8.49567,14.8951,8.11171,14.4264,1.04699,0.970819,7.67132,16.4742,2.28,1
22.9001,8.31815,14.603,2.52539,1.65369,8.5154,14.3081,8.33102,14.6046,1.01051,0.977725,7.6062,16.5501,2.29,1
23.0001,8.25821,14.6454,2.55299,0.734434,8.29064,14.4874,8.1461,14.7318,0.97448,0.973985,7.54032,16.6253,2.3,1
23.1001,8.105,14.7477,2.5541,1.84215,7.88134,14.5404,7.90619,14.9613,0.973194,0.981931,7.47369,16.6999,2.31,1
23.2001,7.98334,14.8287,2.59073,1.46161,7.91839,14.4589,7.90933,15.0559,0.968712,0.965687,7.40632,16.7738,2.32,1
23.3001,7.88259,14.8906,2.58204,1.18247,7.97958,14.6435,7.99941,15.1083,0.944878,0.992906,7.33821,16.847,2.33,1
23.4001,7.70368,15.0027,2.62464,2.11103,7.62416,15.0179,7.70561,15.2683,0.905648,0.959003,7.26938,16.9196,2.34,1
23.5001,7.60337,15.0597,2.63471,1.15389,8.01202,14.9048,7.72314,15.0592,0.896401,0.959578,7.19982,16.9914,2.35,1
23.6001,7.43776,15.1516,2.63113,1.89431,7.2719,15.1874,7.59759,14.9359,0.951413,0.979594,7.12955,17.0626,2.36,1
23.7001,7.34596,15.2031,2.61004,1.05212,7.56592,15.0614,7.39286,14.9765,0.939672,0.981466,7.05857,17.133,2.37,1
23.8001,7.33681,15.2084,2.62152,0.106151,7.24295,14.7804,7.14319,15.2354,0.928787,0.971802,6.98689,17.2027,2.38,1
23.9001,7.14507,15.3182,2.64029,2.2095,6.99543,15.2985,7.20789,15.3266,0.949456,0.960613,6.91452,17.2717,2.39,1
24.0001,7.1381,15.3221,2.66444,0.0794899,7.3549,15.0198,7.18539,14.9464,0.955778,0.985822,6.84146,17.34,2.4,1
24.1001,6.9769,15.4054,2.66963,1.81465,6.65007,15.067,7.15331,15.3477,0.972489,0.965466,6.76772,17.4076,2.41,1
24.2001,6.8557,15.4673,2.68775,1.36079,7.15628,15.156,7.31483,15.3004,0.955398,0.956745,6.69331,17.4744,2.42,1
24.3001,6.87168,15.4595,2.69758,-0.177787,6.90105,15.5629,7.30733,15.0215,0.999468,0.970454,6.61823,17.5404,2.43,1
24.4001,6.90212,15.445,2.67284,-0.337069,6.88843,15.2884,7.28969,15.2977,1.08861,0.999259,6.5425,17.6057,2.44,1
24.5001,6.82879,15.4821,2.67937,0.821972,6.25277,15.5561,7.07409,15.9223,1.22071,0.959211,6.46612,17.6703,2.45,1
24.6001,6.63358,15.5794,2.68184,2.18097,6.29007,15.8126,6.90618,15.5865,1.39203,0.954229,6.3891,17.7341,2.46,1
24.7001,6.38799,15.701,2.65272,2.74046,6.36627,16.0652,6.87638,15.7631,1.46064,0.993386,6.31144,17.7971,2.47,1
24.8001,6.24058,15.7794,2.62291,1.66961,6.31021,15.9987,6.54004,16.1703,1.5397,0.946765,6.23316,17.8593,2.48,1
24.9001,6.17526,15.8167,2.59806,0.7521,6.19114,15.846,6.51656,16.2188,1.55002,1.00542,6.15426,17.9207,2.49,1
25.0001,6.16853,15.8207,2.60148,0.0786595,6.21554,16.0397,6.29946,16.6585,1.59841,0.959691,6.07475,17.9814,2.5,1
25.1001,5.92259,15.9682,2.5843,2.86756,5.962,15.7624,6.40111,16.2072,1.60333,0.98475,5.99463,18.0412,2.51,1
25.2001,5.70899,16.1013,2.56994,2.51684,5.59673,16.1507,6.05095,16.0083,1.63847,0.950945,5.91392,18.1003,2.52,1
25.3001,5.69839,16.1081,2.56409,0.126089,6.05695,16.3049,6.09572,15.9987,1.6569,0.957787,5.83263,18.1585,2.53,1
25.4001,5.72456,16.0911,2.53054,-0.312354,5.71887,15.6141,5.79693,15.743,1.59478,0.951772,5.75075,18.2159,2.54,1
25.5001,5.72199,16.0929,2.54933,0.0313773,5.9157,16.2351,5.81047,16.3586,1.57146,0.972673,5.66831,18.2725,2.55,1
25.6001,5.69728,16.1095,2.58876,0.29783,6.15014,16.3403,5.83943,16.0356,1.50738,0.974168,5.58531,18.3283,2.56,1
25.7001,5.58417,16.1793,2.60119,1.32902,5.45583,16.3779,5.95955,15.9233,1.5628,0.982731,5.50175,18.3832,2.57,1
25.8001,5.56104,16.1932,2.62541,0.26971,5.5339,16.0621,5.74485,15.7738,1.56236,0.987464,5.41764,18.4373,2.58,1
25.9001,5.45878,16.2512,2.64453,1.17584,5.21477,16.178,5.52653,16.2675,1.62915,0.953486,5.333,18.4906,2.59,1
26.0001,5.36394,16.3027,2.64995,1.07902,5.30099,15.8083,5.40761,15.7017,1.52891,0.96207,5.24783,18.543,2.6,1
26.1001,5.25055,16.3634,2.63964,1.28618,4.92422,15.8977,5.13448,15.3613,1.64456,0.965129,5.16214,18.5945,2.61,1
26.2001,5.17351,16.4057,2.64454,0.87877,5.1587,16.4715,5.00082,16.0753,1.66133,0.954233,5.07594,18.6452,2.62,1
26.3001,5.16321,16.4112,2.64008,0.117221,5.19129,16.4584,5.08195,15.9856,1.68602,0.980116,4.98924,18.695,2.63,1
26.4001,5.13005,16.4294,2.65155,0.378143,4.96739,16.7004,5.10428,16.0563,1.70653,0.972494,4.90205,18.744,2.64,1
26.5001,5.05304,16.4705,2.67176,0.872825,4.84395,16.6182,4.98347,16.0091,1.74216,0.976003,4.81436,18.7921,2.65,1
26.6001,5.0584,16.4678,2.64456,-0.0600889,5.12805,16.2648,4.95394,16.0931,1.70924,0.995071,4.72621,18.8393,2.66,1
26.7001,4.90334,16.5519,2.64378,1.76402,4.8347,16.5282,5.08943,16.6682,1.72762,0.952886,4.63758,18.8856,2.67,1
26.8001,4.78758,16.6148,2.6529,1.31759,4.65446,16.8577,4.87405,16.9996,1.7291,0.962927,4.5485,18.931,2.68,1
26.9001,4.78263,16.6174,2.615,0.0559911,4.9674,16.3187,4.86773,16.6804,1.76702,1.01283,4.45896,18.9756,2.69,1
27.0001,4.72817,16.6491,2.66866,0.629975,4.77413,16.7163,4.9353,16.3909,1.7602,0.984235,4.36899,19.0192,2.7,1
27.1001,4.49942,16.7661,2.67854,2.56957,4.55626,16.8316,4.91984,16.778,1.86485,0.956632,4.27858,19.0619,2.71,1
27.2001,4.47821,16.7767,2.64033,0.236987,4.53129,16.2621,4.88137,16.8114,1.8806,1.00105,4.18775,19.1038,2.72,1
27.3001,4.36521,16.8387,2.69989,1.28855,4.6277,16.6776,4.55813,16.8912,1.76747,0.966531,4.09651,19.1447,2.73,1
27.4001,4.35142,16.8452,2.72987,0.152516,4.26555,16.6348,4.42983,16.9274,1.7956,0.984123,4.00486,19.1847,2.74,1
27.5001,4.27513,16.8785,2.68663,0.832562,4.14317,17.1763,4.35245,16.7085,1.83104,0.987303,3.91281,19.2238,2.75,1
27.6001,4.12011,16.9543,2.65276,1.72565,4.24355,17.1004,4.38513,17.1483,1.77878,0.955172,3.82038,19.262,2.76,1
27.7001,3.99227,17.0223,2.6534,1.448,4.25689,17.0728,4.33014,17.4045,1.90657,0.975386,3.72758,19.2992,2.77,1
27.8001,3.93065,17.055,2.67712,0.697736,3.56962,17.1913,4.10575,17.2784,1.96155,1.00392,3.6344,19.3355,2.78,1
27.9001,3.74331,17.1489,2.67522,2.09544,3.74681,17.2661,3.9079,17.3827,2.0513,0.953967,3.54087,19.3709,2.79,1
28.0001,3.7205,17.1604,2.68917,0.255363,3.34413,17.2178,3.55321,17.2313,2.0968,0.94532,3.44699,19.4053,2.8,1
28.1001,3.48116,17.2767,2.70702,2.66112,3.67364,17.4736,3.53271,17.5961,2.13743,0.973993,3.35276,19.4388,2.81,1
28.2001,3.31826,17.3523,2.67937,1.79595,3.26894,17.4466,3.48195,17.3471,2.15431,0.988817,3.25821,19.4714,2.82,1
28.3001,3.34817,17.3374,2.70808,-0.334219,3.5586,17.4348,3.34501,18.2375,2.09397,0.981717,3.16334,19.503,2.83,1
28.4001,3.39292,17.3167,2.69194,-0.493087,3.7282,17.5178,3.61333,17.5444,2.0642,0.947303,3.06815,19.5336,2.84,1
28.5001,3.41563,17.3058,2.66167,-0.25216,3.07575,17.2951,3.55314,18.2778,2.17993,0.969821,2.97267,19.5633,2.85,1
28.6001,3.5107,17.2563,2.64135,-1.07177,3.67915,17.219,3.46611,17.5353,2.21676,0.965491,2.87689,19.5921,2.86,1
28.7001,3.4848,17.2704,2.69152,0.295101,3.25473,17.6501,3.35051,17.9886,2.26405,0.987275,2.78083,19.6199,2.87,1
28.8001,3.56057,17.2338,2.75352,-0.841404,3.71586,17.3383,3.24609,17.4326,2.22771,0.965659,2.68449,19.6467,2.88,1
28.9001,3.54359,17.2408,2.73128,0.183435,3.43256,17.5302,3.21313,17.5265,2.24179,0.956599,2.58789,19.6726,2.89,1
29.0001,3.47793,17.2693,2.76872,0.715943,3.76734,17.6207,3.19032,17.4954,2.08561,0.969323,2.49104,19.6975,2.9,1
29.1001,3.38844,17.3043,2.77459,0.961022,3.45384,17.0027,3.15647,17.3138,2.11119,1.00865,2.39395,19.7214,2.91,1
29.2001,3.36752,17.3124,2.80231,0.224088,3.43645,17.5831,3.24108,17.0587,2.11864,0.983212,2.29662,19.7443,2.92,1
29.3001,3.32101,17.3288,2.85728,0.493183,3.41439,17.5439,3.08368,17.4196,2.16916,0.970997,2.19906,19.7663,2.93,1
29.4001,3.20352,17.3631,2.89495,1.22405,3.17166,17.1811,3.1307,17.3195,2.17741,0.997796,2.10129,19.7873,2.94,1
29.5001,3.24236,17.3533,2.92889,-0.400527,3.52941,17.2593,3.23209,17.4545,2.13882,0.98561,2.00332,19.8073,2.95,1
29.6001,3.0821,17.388,2.9489,1.63955,3.41622,17.3251,3.10295,17.2486,2.08794,0.972347,1.90515,19.8264,2.96,1
29.7001,3.0538,17.3935,2.96002,0.288333,2.85933,17.0417,3.07243,16.9415,2.1716,0.981289,1.80679,19.8445,2.97,1
29.8001,2.87223,17.4268,2.92841,1.84604,2.93286,17.5131,2.99222,16.6288,2.14787,0.989871,1.70826,19.8615,2.98,1
29.9001,2.95373,17.4092,2.98215,-0.833894,2.76809,17.5825,2.79879,17.5748,2.09583,0.951142,1.60956,19.8776,2.99,1
30.0001,2.83972,17.4275,2.9472,1.15475,2.7117,17.6441,2.71519,17.2486,2.07034,0.979836,1.51071,19.8927,3,1
30.1001,2.65219,17.4644,2.97323,1.91131,2.70739,17.5589,2.63866,17.8381,2.05432,0.967195,1.41171,19.9068,3.01,1
30.2001,2.73324,17.4506,3.02228,-0.822087,2.8819,17.5423,2.68035,17.4359,2.05822,0.967263,1.31257,19.92,3.02,1
30.3001,2.73871,17.45,3.07389,-0.0550653,2.89075,17.3896,2.69271,17.3305,1.98903,0.956466,1.21331,19.9321,3.03,1
30.4001,2.62907,17.4574,3.09463,1.09892,2.64515,17.537,2.61368,17.1757,1.96547,0.964585,1.11394,19.9432,3.04,1
30.5001,2.58792,17.4594,3.10678,0.411867,2.93716,17.6229,2.55559,17.7276,1.87396,0.97739,1.01445,19.9534,3.05,1
30.6001,2.6075,17.4587,3.10917,-0.19586,2.41191,17.6427,2.63401,17.5881,1.87188,0.96067,0.91487,19.9625,3.06,1
30.7001,2.58863,17.4593,3.06416,0.188784,3.0116,17.4871,2.84054,17.6651,1.76686,0.946873,0.815203,19.9707,3.07,1
30.8001,2.3929,17.4745,3.10131,1.96318,2.00174,17.6077,2.68026,17.7459,1.93742,1.00466,0.715459,19.9778,3.08,1
30.9001,2.46663,17.4715,3.14262,-0.737926,2.41292,17.4079,2.65064,17.6074,1.99891,0.957845,0.615649,19.984,3.09,1
31.0001,2.35782,17.4714,3.11142,1.08812,2.47386,17.3057,2.51062,17.1659,2.04506,0.976746,0.515782,19.9891,3.1,1
31.1001,2.15272,17.4776,3.17024,2.05193,2.0114,17.567,2.4007,17.7411,1.89959,0.951896,0.415868,19.9933,3.11,1
31.2001,2.13181,17.477,3.17162,0.209204,2.03973,17.7084,2.2273,18.0581,1.91527,0.955899,0.315918,19.9964,3.12,1
31.3001,2.03933,17.4742,3.15626,0.925203,2.03901,17.5546,2.29207,17.6588,1.95681,0.955627,0.215941,19.9986,3.13,1
31.4001,2.06459,17.4746,3.19538,-0.252582,1.50951,17.4694,2.13631,17.6389,2.10043,0.988079,0.115948,19.9998,3.14,1
31.5001,1.93904,17.4678,3.20242,1.25731,1.80675,17.2112,2.10962,17.4174,2.17895,0.957264,0.0159483,19.9999,3.15,1
31.6001,1.6516,17.4503,3.16943,2.87969,1.87731,17.4783,1.92968,17.222,2.28126,0.966899,-0.0840482,19.9991,3.16,1
31.7001,1.52893,17.4469,3.1391,1.22725,1.68775,16.9432,1.85296,17.568,2.37254,0.986096,-0.184031,19.9972,3.17,1
31.8001,1.45972,17.4471,3.13375,0.692035,1.39213,17.4018,1.66404,17.6482,2.4551,0.967045,-0.283991,19.9944,3.18,1
31.9001,1.31526,17.4482,3.11218,1.44463,1.13648,17.3961,1.50994,17.3195,2.67101,0.955661,-0.383917,19.9906,3.19,1
32.0001,1.35531,17.447,3.12839,-0.400638,1.60138,17.2873,1.45349,17.2637,2.66709,0.953003,-0.4838,19.9857,3.2,1
32.1001,1.23121,17.4487,3.20938,1.24116,1.45581,17.7604,1.37914,18.4182,2.85797,0.970773,-0.583629,19.9799,3.21,1
32.2001,1.16381,17.4441,3.21693,0.675502,1.19545,17.3193,1.30803,17.8771,2.7177,0.984287,-0.683396,19.973,3.22,1
32.3001,1.31068,17.4552,3.17893,-1.47291,1.16147,17.1902,1.10776,17.3172,2.83607,0.949691,-0.783088,19.9652,3.23,1
32.4001,1.23658,17.4524,3.20528,0.741585,1.38148,17.414,1.02568,17.3169,2.527,0.958002,-0.882698,19.9564,3.24,1
32.5001,1.09904,17.4436,3.22266,1.37817,1.48109,17.7715,1.01384,17.9053,2.41989,0.960468,-0.982214,19.9466,3.25,1
32.6001,1.19343,17.4513,3.2265,-0.947006,1.07924,17.1511,0.946333,17.2201,2.48291,0.951917,-1.08163,19.9357,3.26,1
32.7001,1.18795,17.4508,3.18747,0.0549741,0.993176,17.8835,0.904994,17.3545,2.41364,0.995057,-1.18093,19.9239,3.27,1
32.8001,0.988966,17.4417,3.19809,1.99194,1.12428,17.2641,0.896833,17.1331,2.3553,0.983758,-1.2801,19.9111,3.28,1
32.9001,0.870202,17.435,3.23348,1.18954,0.639027,16.9378,0.783124,17.2195,2.26687,0.976417,-1.37915,19.8973,3.29,1
33.0001,0.772366,17.426,3.2514,0.982509,1.06718,17.3865,0.792836,16.9471,2.15932,0.983496,-1.47805,19.8825,3.3,1
33.1001,0.773182,17.4261,3.25213,-0.00821066,0.721646,17.3405,0.700433,17.3095,2.17809,0.952584,-1.5768,19.8668,3.31,1
33.2001,0.68681,17.4165,3.24586,0.869022,0.707578,17.4278,0.6435,17.8321,2.18374,0.972197,-1.67538,19.85,3.32,1
33.3001,0.672836,17.415,3.21416,0.140507,0.780676,17.2978,0.698638,17.398,2.03044,0.94932,-1.77379,19.8323,3.33,1
33.4001,0.708895,17.4176,3.17187,-0.361547,0.798329,16.743,0.653903,17.2429,2.00801,0.952611,-1.87202,19.8135,3.34,1
33.5001,0.470132,17.4104,3.16945,2.38872,0.44731,17.5452,0.589796,17.6738,2.06717,0.969855,-1.97006,19.7938,3.35,1
33.6001,0.386048,17.4081,3.15988,0.841165,0.596097,17.6801,0.551756,18.3949,1.99078,0.972011,-2.0679,19.7731,3.36,1
33.7001,0.300659,17.4065,3.14788,0.854039,-0.144577,17.3462,0.366209,18.1935,2.19233,0.955172,-2.16552,19.7515,3.37,1
33.8001,0.256384,17.4062,3.15748,0.442759,0.0801416,17.426,0.26903,18.0889,2.29925,0.959229,-2.26293,19.7288,3.38,1
33.9001,-0.0103101,17.402,3.15041,2.66727,-0.277093,17.2366,0.104125,18.2652,2.44453,0.968955,-2.3601,19.7052,3.39,1
34.0001,-0.219174,17.4001,3.17164,2.08872,-0.26647,17.2707,-0.019022,17.374,2.76392,0.941903,-2.45703,19.6806,3.4,1
34.1001,-0.299391,17.3977,3.20004,0.802529,0.165252,17.361,-0.0541793,18.2368,2.74048,0.975466,-2.55371,19.6551,3.41,1
34.2001,-0.260056,17.4,3.18236,-0.394022,-0.407043,17.5245,-0.188043,17.8143,2.87368,0.954705,-2.65013,19.6285,3.42,1
34.3,-0.467902,17.3915,3.2311,2.08019,-0.263033,17.4347,-0.276871,17.3291,2.85402,0.978714,-2.74628,19.6011,3.43,1
34.4,-0.468115,17.3915,3.30063,0.00213432,-0.0723902,17.2564,-0.322843,16.8954,2.85886,0.969684,-2.84215,19.5726,3.44,1
34.5,-0.642643,17.3635,3.33908,1.76759,-0.54949,17.7639,-0.405271,17.3193,2.81791,0.97851,-2.93773,19.5432,3.45,1
34.6,-0.732616,17.3455,3.3895,0.917558,-0.799651,16.7286,-0.535412,16.655,2.8336,0.976475,-3.03301,19.5129,3.46,1
34.7,-0.81664,17.3243,3.38672,0.866741,-0.284943,17.3287,-0.593288,17.415,2.57821,0.956604,-3.12798,19.4816,3.47,1
34.8,-0.728242,17.3464,3.39587,-0.911215,-0.376441,17.3221,-0.617832,17.2575,2.46875,0.952447,-3.22264,19.4493,3.48,1
34.9,-0.719297,17.3487,3.36568,-0.0924248,-0.418431,17.2849,-0.653417,17.7094,2.48087,0.985688,-3.31697,19.4161,3.49,1
35,-0.699064,17.3533,3.36219,-0.207524,-0.880682,17.2647,-0.750364,16.9661,2.49534,0.988056,-3.41096,19.382,3.5,1
35.1,-0.797348,17.3313,3.38387,1.00725,-0.777663,17.2261,-0.858003,16.8521,2.42737,0.955091,-3.50461,19.3469,3.51,1
35.2,-0.883061,17.3101,3.37644,0.882916,-0.484977,17.3446,-0.866337,17.5504,2.33471,0.976825,-3.5979,19.3109,3.52,1
35.3,-1.10318,17.2574,3.37929,2.26329,-1.10404,17.2276,-0.911536,17.2361,2.25214,0.954721,-3.69082,19.2739,3.53,1
35.4,-1.17707,17.2395,3.37178,0.76032,-0.854835,16.8663,-0.953312,16.6057,2.32301,0.978684,-3.78337,19.2361,3.54,1
35.5,-1.29187,17.2126,3.39013,1.17914,-1.50355,16.9581,-1.0652,16.8923,2.35037,0.957153,-3.87554,19.1973,3.55,1
35.6,-1.3077,17.2086,3.39125,0.163302,-1.38731,16.7068,-1.11138,16.9085,2.63472,0.957614,-3.96732,19.1576,3.56,1
35.7,-1.54016,17.1493,3.43996,2.39899,-1.51794,17.3992,-1.25977,17.596,2.66025,0.987273,-4.05869,19.1169,3.57,1
35.8,-1.67638,17.1074,3.45737,1.42516,-1.54782,17.3848,-1.36212,17.5327,2.67276,0.956993,-4.14965,19.0754,3.58,1
35.9,-1.77006,17.0768,3.48396,0.985472,-1.74392,17.7254,-1.49872,17.3874,2.97854,0.959206,-4.2402,19.0329,3.59,1
36,-1.98005,17.002,3.48386,2.22935,-2.12047,16.6977,-1.62761,16.6307,3.03164,0.969373,-4.33031,18.9896,3.6,1
36.1,-2.02132,16.9873,3.50699,0.438108,-1.95438,16.4842,-1.85008,16.4915,3.07942,0.950951,-4.41999,18.9453,3.61,1
36.2,-2.17416,16.9288,3.50809,1.63639,-2.07512,16.779,-1.91634,16.8411,2.89529,0.961961,-4.50921,18.9002,3.62,1
36.3,-2.19519,16.9207,3.52628,0.22525,-2.29944,17.0362,-2.08937,16.588,2.79104,0.957635,-4.59799,18.8541,3.63,1
36.4,-2.54856,16.7777,3.54985,3.81229,-2.59761,16.9754,-2.15312,16.5986,2.8355,0.990496,-4.6863,18.8072,3.64,1
36.5,-2.67784,16.7218,3.57869,1.40862,-2.2667,16.5247,-2.09598,16.0805,2.75197,0.968839,-4.77413,18.7594,3.65,1
36.6,-2.73303,16.696,3.62319,0.609185,-2.90756,16.6479,-2.3145,17.13,3.00253,0.977448,-4.86148,18.7107,3.66,1
36.7,-2.78063,16.6711,3.66369,0.537115,-2.54728,16.2896,-2.42379,16.5101,2.94995,0.986741,-4.94834,18.6612,3.67,1
36.8,-2.70349,16.7155,3.68657,-0.890053,-2.51313,16.5551,-2.48471,16.3432,2.98496,0.970386,-5.03471,18.6108,3.68,1
36.9,-2.81866,16.6457,3.7284,1.34684,-2.3548,16.5416,-2.49322,15.7786,3.13127,0.96642,-5.12056,18.5595,3.69,1
37,-2.93305,16.5696,3.69029,1.37368,-2.62099,16.5978,-2.52235,16.6695,3.0805,0.956404,-5.20589,18.5074,3.7,1
37.1,-3.03712,16.506,3.68821,1.21979,-2.9228,16.8265,-2.61742,16.9189,3.18581,0.967092,-5.2907,18.4544,3.71,1
37.2,-3.08092,16.4793,3.71354,0.51274,-2.81309,16.4071,-2.72557,16.1926,3.1529,0.966595,-5.37498,18.4006,3.72,1
37.3,-3.26665,16.3598,3.70501,2.20873,-3.10574,15.931,-2.79226,16.1726,3.1403,0.98876,-5.45871,18.3459,3.73,1
37.4,-3.37333,16.2924,3.7175,1.26184,-3.26594,16.5603,-2.90964,16.2991,3.10617,0.998616,-5.5419,18.2904,3.74,1
37.5,-3.53717,16.186,3.78289,1.95352,-3.87632,15.9708,-3.12206,15.5694,3.00643,0.971927,-5.62452,18.2341,3.75,1
37.6,-3.67715,16.0815,3.73622,1.74695,-3.60272,16.1911,-3.36782,16.2567,2.76854,0.946276,-5.70658,18.1769,3.76,1
37.7,-3.79194,16.0038,3.77341,1.38569,-3.86603,16.0043,-3.45598,16.2708,2.71121,0.971911,-5.78806,18.1189,3.77,1
37.8,-3.7965,16.0005,3.78769,0.0565423,-4.25548,15.9385,-3.80162,15.8047,2.51692,0.952121,-5.86895,18.0601,3.78,1
37.9,-3.9257,15.9031,3.7752,1.61819,-3.86362,15.9304,-3.64918,15.9361,2.54974,0.964531,-5.94926,18.0005,3.79,1
38,-3.92517,15.9035,3.75211,-0.00661075,-4.05431,15.9074,-3.87569,15.5839,2.47804,0.958254,-6.02896,17.9402,3.8,1
38.1,-4.05256,15.8143,3.77627,1.5548,-3.85684,15.7768,-4.03318,15.8972,2.41146,0.981941,-6.10806,17.879,3.81,1
38.2,-4.08848,15.7879,3.79164,0.446004,-4.17887,15.7363,-3.98089,16.0029,2.55563,0.978405,-6.18654,17.817,3.82,1
38.3,-4.03502,15.8285,3.78717,-0.671589,-3.74274,15.719,-3.75675,16.0479,2.62212,0.954003,-6.2644,17.7542,3.83,1
38.4,-4.03645,15.8275,3.74013,0.0179446,-4.53138,15.7265,-4.02715,15.3446,2.63362,0.981684,-6.34163,17.6907,3.84,1
38.5,-4.00636,15.848,3.7205,-0.364239,-3.49929,16.2575,-3.97764,15.6773,2.52832,0.956984,-6.41821,17.6264,3.85,1
38.6,-4.0979,15.7881,3.70892,1.09365,-4.09249,15.8446,-3.93257,15.6086,2.5555,0.966718,-6.49415,17.5613,3.86,1
38.7,-4.15403,15.7524,3.68321,0.665502,-4.17734,15.8867,-3.97723,15.6756,2.5036,0.97162,-6.56944,17.4955,3.87,1
38.8,-4.31166,15.6575,3.71379,1.83964,-4.2593,16.0018,-3.86113,15.6086,2.54506,0.973796,-6.64406,17.429,3.88,1
38.9,-4.3646,15.6235,3.69051,0.629636,-4.56375,15.3315,-4.10052,15.4278,2.64608,0.972122,-6.71802,17.3616,3.89,1
39,-4.49711,15.5424,3.65273,1.55338,-4.13161,15.3443,-4.09662,15.517,2.83544,0.962459,-6.79129,17.2936,3.9,1
39.1,-4.54092,15.5178,3.67066,0.50225,-4.36438,15.4423,-4.27273,15.2765,2.84345,0.972982,-6.86389,17.2248,3.91,1
39.2,-4.48772,15.5489,3.69065,-0.616262,-4.51819,15.25,-4.27356,15.3832,2.68167,0.961685,-6.93579,17.1553,3.92,1
39.3,-4.56799,15.4998,3.74055,0.941036,-4.91302,15.5302,-4.43504,15.4053,2.92675,0.958698,-7.00699,17.0851,3.93,1
39.4,-4.73275,15.3874,3.74511,1.99479,-4.7889,15.8107,-4.42946,15.7003,3.02164,0.962311,-7.07749,17.0142,3.94,1
39.5,-4.74776,15.377,3.75254,0.18235,-4.39207,15.9388,-4.68156,15.8122,2.95296,0.976221,-7.14728,16.9426,3.95,1
39.6,-4.93226,15.2478,3.8054,2.25249,-4.66179,15.4393,-4.71562,15.9461,3.09839,0.964089,-7.21634,16.8702,3.96,1
39.7,-5.02321,15.1767,3.81972,1.15469,-4.69164,15.1832,-4.71806,15.7378,3.33235,0.995082,-7.28468,16.7972,3.97,1
39.8,-5.03863,15.1642,3.851,0.198008,-5.00244,15.2611,-4.86808,15.6132,3.47171,0.995756,-7.35229,16.7236,3.98,1
39.9,-5.18107,15.042,3.89218,1.8773,-5.11573,14.9042,-4.82829,15.5366,3.59547,0.972521,-7.41915,16.6492,3.99,1
40,-5.3459,14.8882,3.89193,2.25399,-5.45008,14.4385,-5.08371,14.7109,3.52518,0.940519,-7.48527,16.5742,4,1
40.1,-5.30556,14.9258,3.92263,-0.551593,-5.43352,14.6734,-5.2468,14.7784,3.65524,0.957319,-7.55063,16.4985,4.01,1
40.2,-5.50608,14.7271,3.94522,2.8235,-5.46027,14.9103,-5.25739,15.0533,3.5928,0.96037,-7.61524,16.4222,4.02,1
40.3,-5.60571,14.6237,3.97232,1.43537,-5.46161,14.6759,-5.50304,15.0595,3.70643,0.968089,-7.67908,16.3452,4.03,1
40.4,-5.71886,14.4998,3.95626,1.67793,-5.33323,14.572,-5.26642,14.9191,3.73419,0.964365,-7.74214,16.2676,4.04,1
40.5,-5.87999,14.329,4.01388,2.34855,-6.09984,14.1029,-5.55204,14.2194,3.69459,1.01568,-7.80443,16.1894,4.05,1
40.6,-5.9734,14.2177,4.00513,1.45242,-6.18485,14.1245,-5.68692,14.2763,3.59044,0.990153,-7.86593,16.1105,4.06,1
40.7,-6.01331,14.171,3.99736,0.614243,-5.8318,13.9601,-6.03382,14.0989,3.80336,0.965289,-7.92664,16.031,4.07,1
40.7999,-6.0818,14.0922,3.98095,1.04471,-5.96471,14.2935,-6.01801,13.9778,3.75844,0.978568,-7.98655,15.951,4.08,1
40.8999,-6.15855,14.0066,3.98211,1.14905,-6.12184,13.6194,-6.13902,13.9491,3.79313,0.976576,-8.04566,15.8703,4.09,1
40.9999,-6.11721,14.0528,4.02557,-0.619737,-6.68346,14.1102,-6.22087,14.1003,3.67178,0.987292,-8.10395,15.7891,4.1,1
41.0999,-6.31822,13.8077,4.02465,3.17009,-6.01437,13.2721,-6.11226,13.6982,3.85463,0.945192,-8.16144,15.7072,4.11,1
41.1999,-6.49111,13.5972,4.00975,2.7236,-7.1259,13.665,-6.47146,13.534,3.74129,0.99269,-8.2181,15.6248,4.12,1
41.2999,-6.47242,13.6193,4.03663,-0.289317,-6.21277,13.7894,-6.40883,13.5668,3.72843,1.00039,-8.27393,15.5419,4.13,1
41.3999,-6.47343,13.6181,4.01757,0.0162171,-6.65828,13.6458,-6.48465,13.4413,3.68979,0.960131,-8.32894,15.4584,4.14,1
41.4999,-6.44565,13.6514,4.00236,-0.433848,-6.20457,13.526,-6.4916,13.4576,3.7686,0.998691,-8.3831,15.3743,4.15,1
41.5999,-6.47353,13.6189,4.04158,0.427714,-6.7912,13.5161,-6.68787,13.6121,3.86724,0.95823,-8.43642,15.2897,4.16,1
41.6999,-6.33401,13.7948,4.04515,-2.24451,-6.15462,14.1241,-6.66784,13.739,4.13061,0.964765,-8.48889,15.2046,4.17,1
41.7999,-6.51151,13.5694,4.09666,2.86826,-7.02283,13.7578,-6.91647,13.4699,4.10682,0.976502,-8.54051,15.1189,4.18,1
41.8999,-6.56268,13.4971,4.12165,0.886138,-6.84082,13.6328,-7.26039,13.517,4.04794,0.961358,-8.59127,15.0328,4.19,1
41.9999,-6.55453,13.5093,4.11194,-0.146488,-6.77487,13.3723,-7.02831,13.9295,4.08101,0.982728,-8.64117,14.9461,4.2,1
42.0999,-6.68073,13.325,4.14217,2.23368,-6.96644,13.2066,-7.49354,14.0083,4.2279,0.964486,-8.69019,14.8589,4.21,1
42.1999,-6.84841,13.0635,4.1321,3.10629,-6.49714,12.85,-7.06268,13.665,4.31,0.973509,-8.73834,14.7713,4.22,1
42.2999,-6.91072,12.9685,4.10124,1.13635,-6.86647,13.056,-7.09885,13.1577,4.3501,0.96441,-8.78562,14.6832,4.23,1
42.3999,-6.96653,12.8888,4.08705,0.972724,-7.23485,13.6041,-7.04296,13.2862,4.32359,0.971592,-8.83201,14.5946,4.24,1
42.4999,-7.00696,12.8328,4.09897,0.690685,-6.55254,13.1246,-6.8099,13.6953,4.40752,0.974467,-8.87751,14.5055,4.25,1
42.5999,-7.04648,12.7767,4.121,0.686439,-7.152,12.3136,-7.12044,12.7594,4.52955,0.937092,-8.92212,14.416,4.26,1
42.6999,-7.12594,12.6583,4.11253,1.4253,-7.4616,12.3831,-7.59079,12.8892,4.73148,0.960859,-8.96583,14.3261,4.27,1
42.7999,-7.17152,12.5917,4.12767,0.807342,-7.53144,12.8273,-7.53811,12.6269,4.66037,0.963085,-9.00864,14.2357,4.28,1
42.8999,-7.25186,12.4703,4.11505,1.45555,-7.30413,12.2309,-7.61681,12.6319,4.60573,0.957292,-9.05054,14.1449,4.29,1
42.9999,-7.32861,12.3575,4.15372,1.36454,-7.24117,12.2107,-7.60556,12.5234,4.49494,0.983627,-9.09153,14.0537,4.3,1
43.0999,-7.33091,12.3538,4.18208,0.0434062,-7.89267,12.3932,-7.57728,12.312,4.42207,0.968063,-9.13161,13.9621,4.31,1
43.1999,-7.31924,12.3737,4.14357,-0.230726,-7.033,12.1901,-7.42332,12.4996,4.50817,0.959744,-9.17077,13.8701,4.32,1
43.2999,-7.36105,12.3083,4.17282,0.776314,-7.04422,12.4206,-7.29077,12.4474,4.76096,0.952728,-9.20901,13.7777,4.33,1
43.3999,-7.41083,12.2252,4.21037,0.968961,-6.98997,12.1979,-7.20222,12.3472,4.86144,0.99887,-9.24633,13.6849,4.34,1
43.4999,-7.52113,12.0243,4.24392,2.29205,-7.34145,12.2437,-7.25748,11.7328,4.73379,0.971972,-9.28271,13.5918,4.35,1
43.5999,-7.54867,11.9698,4.22219,0.610055,-7.34275,11.8774,-7.52408,11.9154,4.75489,0.9768,-9.31816,13.4983,4.36,1
43.6999,-7.62151,11.8333,4.21904,1.54712,-7.72973,11.6619,-7.71048,11.5361,4.72278,0.967013,-9.35268,13.4044,4.37001,1
43.7999,-7.57272,11.9241,4.23152,-1.03034,-7.51877,12.2776,-7.60558,12.0324,4.22086,0.938082,-9.38625,13.3102,4.38001,1
43.8999,-7.58363,11.9032,4.22765,0.236042,-7.40188,12.0819,-7.59252,11.9173,4.20918,0.994604,-9.41888,13.2157,4.39001,1
43.9999,-7.63491,11.8058,4.20774,1.10048,-7.58695,12.2351,-7.6749,12.0965,4.4676,0.950479,-9.45056,13.1208,4.40001,1
44.0999,-7.68633,11.7127,4.229,1.06345,-7.79993,11.5826,-7.50669,11.9225,4.3244,0.974978,-9.48129,13.0257,4.41001,1
44.1999,-7.74498,11.601,4.2454,1.26181,-7.65183,11.3451,-7.72928,11.5619,4.20876,0.95168,-9.51107,12.9302,4.42001,1
44.2999,-7.73358,11.6236,4.29543,-0.253178,-7.76776,11.2714,-7.8216,11.4349,4.22066,0.99909,-9.5399,12.8345,4.43001,1
44.3999,-7.80502,11.4623,4.32309,1.76415,-7.97752,11.4678,-7.7134,11.2596,4.17673,0.971715,-9.56776,12.7384,4.44001,1
44.4999,-7.8827,11.2729,4.34147,2.04662,-8.20058,10.8789,-7.80763,11.2185,4.01073,0.960531,-9.59466,12.6421,4.45001,1
44.5999,-7.87017,11.3052,4.34527,-0.345621,-7.81421,11.3816,-8.19982,11.3667,3.87142,0.966187,-9.6206,12.5455,4.46001,1
44.6999,-7.93423,11.1386,4.35559,1.78462,-7.97553,10.6199,-8.14151,11.1638,4.02329,0.990901,-9.64557,12.4487,4.47001,1
44.7999,-7.93434,11.1383,4.36954,0.00304073,-8.09094,10.9718,-8.24398,10.8483,4.04961,0.980427,-9.66957,12.3516,4.48001,1
44.8999,-7.96982,11.0389,4.41256,1.0554,-8.04065,10.9452,-7.9803,10.8541,4.12027,0.959813,-9.6926,12.2543,4.49001,1
44.9999,-8.06088,10.7443,4.42965,3.08332,-7.63487,10.862,-7.92701,10.6448,4.33364,0.957176,-9.71466,12.1568,4.50001,1
45.0999,-8.04663,10.7934,4.42847,-0.510848,-8.49809,10.6704,-8.12538,10.5635,4.19619,0.999132,-9.73574,12.059,4.51001,1
45.1999,-8.11557,10.5571,4.44358,2.46086,-8.30512,10.8759,-8.42008,10.609,4.28835,0.969082,-9.75584,11.9611,4.52001,1
45.2999,-8.10122,10.6092,4.41783,-0.540054,-8.32106,10.314,-8.15392,10.3116,4.37297,0.965941,-9.77496,11.8629,4.53001,1
45.3999,-8.08788,10.6532,4.43446,-0.45938,-7.83447,10.5542,-8.18133,10.3709,4.47778,0.955295,-9.7931,11.7646,4.54001,1
45.4999,-8.13704,10.4809,4.48395,1.79147,-8.0652,10.2943,-8.24907,10.1646,4.54176,0.992424,-9.81025,11.666,4.55001,1
45.5999,-8.15381,10.4088,4.48429,0.740667,-8.2766,10.5113,-8.3882,10.2336,4.88313,0.963753,-9.82642,11.5674,4.56001,1
45.6999,-8.17782,10.3053,4.52054,1.06162,-8.1284,10.4109,-8.04983,10.2459,5.06156,0.960722,-9.84159,11.4685,4.57001,1
45.7999,-8.19222,10.2312,4.50898,0.75556,-8.12838,10.5194,-8.33251,10.3835,5.22526,0.957662,-9.85578,11.3695,4.58001,1
45.8999,-8.23107,10.0428,4.50781,1.9232,-8.45644,9.94664,-8.31703,10.5363,5.29004,0.988251,-9.86898,11.2704,4.59001,1
45.9999,-8.25177,9.94304,4.53644,1.01898,-8.03412,9.51462,-8.1835,10.0619,5.02325,0.992191,-9.88119,11.1711,4.60001,1
46.0999,-8.27114,9.83414,4.54302,1.10613,-8.04226,10.2195,-7.85487,10.2069,5.17271,0.960524,-9.8924,11.0718,4.61001,1
46.1999,-8.28578,9.74849,4.54106,0.868887,-8.07632,9.93566,-8.04721,10.1449,5.07529,0.958798,-9.90262,10.9723,4.62001,1
46.2999,-8.31168,9.59881,4.56557,1.51904,-7.96109,9.79625,-7.8896,9.72081,5.1776,0.961283,-9.91185,10.8727,4.63001,1
46.3999,-8.32136,9.53335,4.59307,0.661763,-8.28858,9.54972,-7.97181,9.71241,4.68155,0.968315,-9.92008,10.7731,4.64001,1
46.4999,-8.33599,9.41136,4.65156,1.22864,-8.26773,9.32976,-8.3171,9.7983,4.98559,0.967657,-9.92731,10.6733,4.65001,1
46.5999,-8.34884,9.20031,4.66016,2.11441,-8.23748,9.29294,-8.42983,9.70297,4.98676,0.968358,-9.93354,10.5735,4.66001,1
46.6999,-8.35534,9.07599,4.60659,1.24488,-8.53827,8.65391,-8.55487,9.02742,4.98655,1.02335,-9.93878,10.4737,4.67001,1
46.7999,-8.37091,8.92937,4.63079,1.47444,-7.99873,9.10882,-8.62346,9.27371,4.8015,0.965251,-9.94301,10.3737,4.68001,1
46.8999,-8.38003,8.81779,4.66995,1.11951,-8.60979,8.81335,-8.54414,9.26095,4.80987,0.9965,-9.94625,10.2738,4.69001,1
46.9999,-8.38697,8.65439,4.69931,1.63546,-8.70741,9.19684,-9.13875,9.36612,4.83172,0.964492,-9.94849,10.1738,4.70001,1
47.0999,-8.38852,8.53595,4.67402,1.18451,-8.54428,8.46254,-9.01893,9.53469,4.90666,0.991452,-9.94973,10.0738,4.71001,1
47.1999,-8.38988,8.50063,4.68284,0.353521,-8.68515,8.92595,-8.47712,9.30136,4.92628,0.970556,-9.94996,9.97383,4.72001,1
47.2999,-8.39333,8.38387,4.70987,1.16809,-8.46998,8.37727,-8.63203,8.68782,5.30862,0.952215,-9.9492,9.87383,4.73001,1
47.3998,-8.39359,8.27829,4.75255,1.0558,-8.3947,8.35984,-8.60688,8.50779,5.35385,0.997872,-9.94744,9.77385,4.74001,1
47.4998,-8.38834,8.1477,4.74939,1.30698,-7.54763,8.11319,-7.81294,7.90615,5.61987,0.949829,-9.94468,9.67389,4.75001,1
47.5998,-8.38036,7.932,4.74484,2.15844,-7.95274,7.87365,-7.68959,7.86662,5.62047,0.955341,-9.94092,9.57396,4.76001,1
47.6998,-8.37779,7.85299,4.75268,0.790482,-8.60368,7.30549,-7.9589,7.7397,5.09279,0.987713,-9.93616,9.47407,4.77001,1
47.7998,-8.37676,7.82732,4.74618,0.256894,-8.84202,8.17514,-8.3244,7.83872,4.74333,0.956197,-9.9304,9.37424,4.78001,1
47.8998,-8.37335,7.72633,4.76637,1.01048,-8.30382,7.28532,-8.42203,7.70376,4.88937,0.958978,-9.92364,9.27447,4.79001,1
47.9998,-8.36868,7.64008,4.78024,0.863788,-8.59483,7.79416,-8.58591,7.47321,5.00121,0.96962,-9.91588,9.17477,4.80001,1
48.0998,-8.36359,7.56509,4.72625,0.751637,-8.08221,7.76585,-8.88655,7.367,5.09476,0.979388,-9.90713,9.07515,4.81002,1
48.1998,-8.36071,7.35757,4.75548,2.07537,-8.4178,7.57579,-8.70539,7.56249,5.0949,0.969202,-9.89739,8.97563,4.82002,1
48.2998,-8.35354,7.19119,4.71939,1.66541,-7.89818,7.15088,-7.92495,7.29706,5.54824,0.94803,-9.88664,8.87621,4.83002,1
48.3998,-8.35339,7.16984,4.7252,0.213443,-8.43963,7.56161,-8.01046,7.32932,5.53065,0.977049,-9.87491,8.7769,4.84002,1
48.4998,-8.35298,7.13785,4.78466,0.319969,-8.43145,7.05774,-8.31838,6.95054,5.00516,0.952393,-9.86218,8.67771,4.85002,1
48.5998,-8.35821,7.21017,4.79777,-0.725128,-8.29803,7.71475,-7.73223,7.32921,5.05222,0.967241,-9.84846,8.57866,4.86002,1
48.6998,-8.37739,7.43417,4.82082,-2.24819,-8.24229,8.17682,-8.15924,7.41323,5.52443,0.953267,-9.83375,8.47974,4.87002,1
48.7998,-8.36261,7.29841,4.81881,1.36561,-8.6115,7.94246,-7.94867,7.52895,5.77938,0.974285,-9.81805,8.38098,4.88002,1
48.8998,-8.34207,7.10616,4.84359,1.93346,-8.60031,7.47261,-8.00128,7.61406,5.74859,0.962184,-9.80137,8.28238,4.89002,1
48.9998,-8.3393,7.0852,4.90039,0.211476,-8.31639,7.18009,-8.15605,7.16499,5.59716,0.953578,-9.7837,8.18396,4.90002,1
49.0998,-8.31559,6.96054,4.90911,1.26896,-8.67029,6.65532,-8.3421,7.01181,5.41838,0.972911,-9.76505,8.08571,4.91002,1
49.1998,-8.31268,6.94593,4.96296,0.148917,-8.30379,7.36613,-8.29845,7.26455,5.69298,0.949091,-9.74541,7.98766,4.92002,1
49.2998,-8.29766,6.88724,5.00972,0.605857,-8.56453,7.29105,-8.55523,7.37669,5.29385,0.956255,-9.7248,7.88981,4.93002,1
49.3998,-8.24324,6.70965,5.04262,1.85739,-8.13535,6.9404,-8.18912,7.00686,5.47357,0.947594,-9.70321,7.79217,4.94002,1
49.4998,-8.26808,6.78211,5.02136,-0.766016,-8.20523,6.85423,-8.12592,7.09054,5.18497,0.970096,-9.68064,7.69475,4.95002,1
49.5998,-8.20873,6.59618,5.0602,1.95168,-8.67922,6.98476,-8.47977,7.09295,4.60228,0.947238,-9.6571,7.59756,4.96002,1
49.6998,-8.13766,6.40016,5.01745,2.08515,-7.62776,6.9119,-8.18549,6.75823,4.55241,0.949342,-9.63259,7.50061,4.97002,1
49.7998,-8.1329,6.38502,4.99809,0.158701,-7.79837,6.69366,-7.85223,6.73761,4.51027,0.952011,-9.60711,7.40391,4.98002,1
49.8998,-8.07695,6.19456,5.01115,1.98508,-8.2915,5.86068,-8.20909,6.37725,4.92635,0.93921,-9.58067,7.30747,4.99002,1
49.9998,-7.98263,5.88829,5.03229,3.20458,-8.30128,6.08476,-8.04181,6.12501,4.70351,0.957109,-9.55326,7.2113,5.00002,1
50.0998,-7.94961,5.78862,5.03657,1.05,-7.84402,5.61214,-8.14177,6.1757,4.73803,0.976051,-9.52489,7.1154,5.01002,1
