0.1,-0.113812,0,0.0235442,-1.13812,-0.0721167,0.248593,0.0130896,0.125527,0.0223912,0.991603,0.1,0,0.01,1
0.2,-0.0110211,0.00242058,0.0212367,1.02819,0.0447809,-0.118681,0.0892679,0.0418915,0.00863366,0.992727,0.199995,0.000999983,0.02,1
0.3,-0.0152812,0.00233009,0.0116703,-0.0426106,0.123253,0.0352571,0.17081,0.0406599,0.0177813,0.990574,0.299975,0.00299985,0.03,1
0.4,0.0929422,0.00359315,0.0811529,1.08231,0.0921511,-0.326687,0.22668,-0.0485347,-0.0370976,0.966007,0.39993,0.0059994,0.04,1
0.5,0.238233,0.0154099,0.123977,1.45771,0.0537064,-0.128798,0.263212,-0.0699602,-0.0425435,0.942062,0.49985,0.00999833,0.05,1
0.6,0.27585,0.0200975,0.167339,0.379076,0.312914,-0.293683,0.351729,-0.123724,-0.0822997,0.988543,0.599725,0.0149963,0.06,1
0.7,0.412069,0.0431074,0.231881,1.38148,0.625383,-0.0946346,0.490707,-0.123598,-0.0625406,1.04249,0.699545,0.0209927,0.07,1
0.8,0.529352,0.0708014,0.219966,1.20509,0.839179,0.00699095,0.646812,-0.0992267,-0.0180023,1.06102,0.7993,0.0279869,0.08,1
0.9,0.623415,0.0918322,0.141471,0.963848,0.603114,-0.0840002,0.714202,-0.0972027,-0.0048278,0.964391,0.89898,0.0359784,0.09,1
1,0.767292,0.112324,0.175225,1.45329,0.729244,0.0845541,0.794959,-0.0570674,0.0463608,0.97878,0.998576,0.0449663,0.1,1
1.1,0.857878,0.128361,0.256955,0.919943,0.842509,0.231463,0.88309,0.0102578,0.117943,0.987668,1.09808,0.0549496,0.11,1
1.2,0.957646,0.154576,0.278332,1.03155,1.36112,-0.05265,1.06648,0.00582708,0.111317,1.08235,1.19747,0.0659274,0.12,1
1.3,1.04739,0.180221,0.31557,0.933367,1.1215,0.169435,1.1562,0.0495699,0.150807,0.992019,1.29675,0.0778987,0.13,1
1.4,1.14391,0.211733,0.346271,1.01534,1.02226,0.260344,1.20512,0.10557,0.19797,0.957055,1.39591,0.0908621,0.14,1
1.5,1.08473,0.190381,0.33432,-0.629104,0.83082,0.628286,1.20396,0.228201,0.297338,0.921497,1.49493,0.104816,0.15,1
1.6,1.12678,0.204986,0.355704,0.445099,1.20284,0.327477,1.2797,0.271424,0.319701,0.984905,1.59381,0.11976,0.16,1
1.7,1.1488,0.213167,0.386793,0.234901,1.27156,0.724727,1.35441,0.385232,0.391601,0.993608,1.69253,0.135692,0.17,1
1.8,1.21373,0.239615,0.38155,0.701142,1.23756,0.501804,1.40573,0.438003,0.416758,0.9708,1.79109,0.15261,0.18,1
1.9,1.37178,0.303023,0.403888,1.70287,1.20484,0.205485,1.44021,0.426973,0.401221,0.950022,1.88947,0.170513,0.19,1
2,1.45368,0.338026,0.44903,0.89067,1.60627,0.298693,1.54585,0.435694,0.390392,1.00422,1.98767,0.189399,0.2,1
2.1,1.5308,0.375191,0.428689,0.85615,1.54159,0.635212,1.6208,0.502315,0.419976,0.993367,2.08568,0.209266,0.21,1
2.2,1.6694,0.438534,0.452732,1.52384,1.46468,0.121629,1.66558,0.46853,0.395875,0.954669,2.18348,0.230112,0.22,1
2.3,1.73712,0.471475,0.436823,0.753083,1.70489,0.331081,1.7477,0.476686,0.391321,0.987369,2.28107,0.251935,0.23,1
2.4,2.0203,0.603695,0.416146,3.1253,2.2613,0.74083,1.91565,0.554534,0.408954,1.05546,2.37844,0.274733,0.24,1
2.5,2.05719,0.619995,0.408738,0.403228,2.09825,0.629021,2.02343,0.600428,0.419254,1.0111,2.47557,0.298503,0.25,1
2.6,2.01832,0.603161,0.4099,-0.423558,1.68782,0.398233,2.03998,0.599649,0.422434,0.946298,2.57246,0.323243,0.26,1
2.7,2.00219,0.596152,0.415116,-0.175873,1.79889,0.359594,2.07313,0.593988,0.421247,0.955712,2.6691,0.348952,0.27,1
2.8,1.98159,0.587073,0.429036,-0.225127,1.78258,0.922776,2.10152,0.678255,0.460408,0.973125,2.76548,0.375625,0.28,1
2.9,2.12023,0.650496,0.464966,1.52463,2.08638,0.455748,2.17209,0.680574,0.456162,0.97969,2.86159,0.40326,0.29,1
3,2.04909,0.614809,0.518677,-0.795901,2.08567,0.865064,2.23362,0.74507,0.478979,0.988839,2.95741,0.431855,0.3,1
3.1,2.33334,0.777062,0.502517,3.27301,2.52382,0.9809,2.35663,0.82126,0.494821,1.02603,3.05294,0.461407,0.31,1
3.2,2.38704,0.80657,0.481436,0.612667,2.4519,0.716018,2.44471,0.845927,0.496407,0.99455,3.14818,0.491913,0.32,1
3.3,2.51374,0.872765,0.522193,1.42952,2.14115,0.88837,2.46956,0.889747,0.515443,0.964999,3.2431,0.52337,0.33,1
3.4,2.53519,0.885107,0.537434,0.247456,2.50893,0.875347,2.54842,0.9293,0.523448,0.993206,3.33771,0.555774,0.34,1
3.5,2.61789,0.934392,0.504971,0.962715,2.64493,1.31852,2.6396,1.02869,0.549008,1.0151,3.43198,0.589123,0.35,1
3.6,2.63465,0.943658,0.515924,0.191533,2.64206,0.766018,2.70889,1.03469,0.546918,0.979461,3.52592,0.623413,0.36,1
3.7,2.7724,1.02178,0.530121,1.58363,2.75951,0.855196,2.78654,1.05322,0.547876,0.986983,3.61951,0.65864,0.37,1
3.8,2.89967,1.09637,0.485877,1.47516,2.9383,0.596984,2.87691,1.03378,0.535757,0.983013,3.71274,0.694802,0.38,1
3.9,3.05543,1.17863,0.497619,1.76148,2.88149,0.951546,2.94882,1.06513,0.542318,0.987353,3.80561,0.731894,0.39,1
4,3.09408,1.19962,0.522112,0.439778,2.82984,0.872607,3.00009,1.08018,0.547501,0.972293,3.8981,0.769913,0.4,1
4.1,3.20327,1.26245,0.588274,1.25976,3.09222,1.46482,3.09047,1.17866,0.569372,1.01566,3.9902,0.808854,0.41,1
4.2,3.25893,1.29958,0.623508,0.669061,3.78087,0.879703,3.2631,1.19116,0.554684,1.03256,4.08192,0.848715,0.42,1
4.3,3.4435,1.43233,0.637964,2.27355,2.94104,1.42768,3.28838,1.26396,0.579035,0.975926,4.17322,0.889491,0.43,1
4.4,3.46011,1.44464,0.626482,0.206694,2.80871,1.32929,3.28662,1.31264,0.60052,0.955683,4.26412,0.931178,0.44,1
4.5,3.53704,1.50032,0.638324,0.949733,4.14144,1.52455,3.48812,1.40108,0.600307,1.06837,4.3546,0.973772,0.45,1
4.6,3.4637,1.44591,0.680817,-0.913221,3.8109,1.10155,3.60176,1.41242,0.59491,1.0016,4.44464,1.01727,0.46,1
4.7,3.52231,1.49338,0.710699,0.754206,3.63355,1.76986,3.68135,1.50871,0.614712,1.01075,4.53425,1.06166,0.47,1
4.8,3.57076,1.53509,0.696992,0.639333,3.64551,1.11068,3.73855,1.50278,0.613969,0.968318,4.6234,1.10695,0.48,1
4.9,3.72223,1.66189,0.719098,1.97535,3.77808,1.1566,3.80771,1.50508,0.613622,0.976524,4.7121,1.15313,0.49,1
5,3.88702,1.80616,0.735261,2.19026,3.96903,1.51298,3.90051,1.55722,0.620844,1.00359,4.80034,1.20019,0.5,1
5.1,3.88077,1.80051,0.733547,-0.0842788,3.23211,1.71024,3.87221,1.61595,0.646766,0.947584,4.88809,1.24814,0.51,1
5.2,4.03265,1.9374,0.713516,2.04467,4.21744,2.00856,3.99678,1.72537,0.66046,1.03732,4.97537,1.29695,0.52,1
5.3,4.07838,1.97699,0.734042,0.604829,3.6133,1.87857,4.00925,1.79117,0.680856,0.970009,5.06215,1.34664,0.53,1
5.4,4.14449,2.03663,0.785833,0.89032,4.54543,1.93516,4.15557,1.87304,0.684782,1.03854,5.14843,1.39719,0.54,1
5.5,4.19069,2.08287,0.753428,0.653729,4.18105,2.08929,4.22817,1.95594,0.699239,1.00444,5.2342,1.44861,0.55,1
5.6,4.10822,2.00551,0.753898,-1.13082,4.1487,2.14832,4.28436,2.03468,0.714823,0.995589,5.31945,1.50088,0.56,1
5.7,4.20282,2.09433,0.762935,1.29766,4.23052,2.26982,4.34431,2.12067,0.730771,1.00007,5.40418,1.554,0.57,1
5.8,4.30352,2.19061,0.78276,1.39325,4.68582,2.44848,4.46219,2.22767,0.741798,1.03405,5.48837,1.60796,0.58,1
5.9,4.40154,2.28812,0.807677,1.38258,4.41874,2.13406,4.51601,2.27121,0.750435,0.982356,5.57202,1.66276,0.59,1
6,4.5747,2.46916,0.805656,2.50522,4.64252,2.08378,4.59177,2.30588,0.754344,0.988812,5.65511,1.7184,0.6,1
6.1,4.58644,2.48139,0.830742,0.1695,4.07192,2.32996,4.57949,2.3566,0.773472,0.955901,5.73764,1.77486,0.61,1
6.2,4.57378,2.46752,0.856672,-0.187809,4.47331,2.42744,4.6259,2.42303,0.786482,0.987752,5.81961,1.83215,0.62,1
6.3,4.61267,2.51239,0.84678,0.59381,4.33266,2.62325,4.6479,2.50402,0.805025,0.982956,5.901,1.89025,0.63,1
6.4,4.62959,2.53153,0.898425,0.255393,4.77892,2.3785,4.7218,2.55044,0.810374,0.991963,5.9818,1.94917,0.64,1
6.5,4.66876,2.58073,0.930031,0.62898,4.35915,2.46048,4.72712,2.59175,0.824704,0.960931,6.06201,2.00888,0.65,1
6.6,4.71878,2.64781,0.947951,0.836675,4.63045,2.67157,4.77228,2.66262,0.837567,0.989514,6.14162,2.0694,0.66,1
6.7,4.78863,2.74506,0.92992,1.19738,4.68387,3.20636,4.82765,2.79809,0.858125,1.02001,6.22062,2.13072,0.67,1
6.8,4.91493,2.91439,0.935919,2.11251,4.71673,2.95301,4.87048,2.88092,0.872382,0.993792,6.299,2.19281,0.68,1
6.9,4.89666,2.88959,0.941989,-0.308074,4.96426,2.75512,4.93448,2.93017,0.878631,0.988509,6.37676,2.25569,0.69,1
7,4.94737,2.95931,0.971093,0.862072,4.61011,3.26353,4.95098,3.03434,0.899146,0.992774,6.45388,2.31935,0.7,1
7.1,4.94401,2.95439,1.00824,-0.0595112,4.81558,3.07617,4.98567,3.10329,0.911896,0.985314,6.53036,2.38377,0.71,1
7.2,4.95309,2.9688,1.03354,0.170311,5.05306,2.87807,5.04114,3.14004,0.917263,0.979518,6.6062,2.44895,0.72,1
7.3,5.00658,3.05859,1.03935,1.04511,4.77192,3.08046,5.05471,3.19283,0.930776,0.970555,6.68138,2.51489,0.73,1
7.4,5.0319,3.10166,1.04567,0.499616,4.81927,2.95992,5.06829,3.22266,0.941293,0.9606,6.7559,2.58158,0.74,1
7.5,5.03488,3.1068,1.04682,0.0594643,4.9372,3.17421,5.09915,3.28116,0.952696,0.979773,6.82975,2.64901,0.75,1
7.6,5.16422,3.33063,1.01923,2.58513,5.13673,3.21579,5.15123,3.34146,0.96106,0.988331,6.90291,2.71717,0.76,1
7.7,5.2749,3.51052,1.0255,2.11205,5.16122,3.99426,5.21467,3.50332,0.979353,1.03851,6.9754,2.78606,0.77,1
7.79999,5.27997,3.51888,1.04461,0.0977474,5.77455,3.38114,5.33189,3.56807,0.978253,1.01314,7.04719,2.85568,0.78,1
7.89999,5.35109,3.64133,1.06985,1.41613,5.26352,3.75169,5.37374,3.66269,0.9916,1.00057,7.11828,2.926,0.79,1
7.99999,5.40964,3.74826,1.05738,1.2191,5.3695,3.77631,5.42148,3.74939,1.00296,0.999021,7.18866,2.99704,0.8,1
8.09999,5.49696,3.90314,1.07548,1.77797,5.79206,3.53811,5.50979,3.7981,1.00411,0.994838,7.25834,3.06877,0.81,1
8.2,5.53836,3.97976,1.06677,0.870939,5.61593,3.99062,5.57254,3.89915,1.01449,1.01089,7.32729,3.1412,0.82,1
8.3,5.57446,4.04522,1.08839,0.747479,5.23559,4.26126,5.58136,4.01572,1.03419,1.00073,7.39551,3.21432,0.83,1
8.4,5.60221,4.0982,1.15667,0.59808,5.64209,3.74229,5.62607,4.0499,1.04003,0.973101,7.463,3.28811,0.839999,1
8.5,5.67257,4.25828,1.17631,1.74862,5.50624,4.43346,5.66133,4.17566,1.05613,1.01425,7.52974,3.36258,0.849999,1
8.6,5.64877,4.20112,1.20783,-0.619143,5.67883,4.01894,5.70144,4.22658,1.06408,0.97959,7.59574,3.4377,0.859999,1
8.7,5.71773,4.38268,1.20776,1.94208,6.08458,4.47269,5.79538,4.34412,1.07009,1.0286,7.66098,3.51349,0.869999,1
8.8,5.69941,4.33447,1.2126,-0.515661,5.52537,4.0767,5.79618,4.37334,1.08184,0.956995,7.72547,3.58992,0.879999,1
8.9,5.77851,4.54577,1.18326,2.25621,5.88829,4.11351,5.84166,4.41151,1.08764,0.97469,7.78918,3.66699,0.889999,1
9,5.8483,4.71675,1.20205,1.84673,5.73603,4.75594,5.8744,4.53458,1.10267,1.01325,7.85212,3.7447,0.899999,1
9.1,5.91809,4.89734,1.21053,1.93604,5.65934,5.16613,5.8982,4.69852,1.12217,1.03143,7.91428,3.82303,0.909999,1
9.2,5.96845,5.03104,1.25145,1.42876,5.48111,4.88739,5.88675,4.79406,1.14084,0.987477,7.97566,3.90198,0.919999,1
9.3,5.98931,5.09413,1.23423,0.664436,5.94604,5.14069,5.93561,4.92323,1.15283,1.02143,8.03624,3.98154,0.929999,1
9.4,6.02141,5.18585,1.2339,0.971776,6.07386,5.53312,5.99814,5.09363,1.16569,1.04632,8.09602,4.06171,0.939999,1
9.5,6.04695,5.25878,1.23533,0.772697,6.34226,5.0848,6.0727,5.17629,1.16969,1.00432,8.155,4.14246,0.949999,1
9.6,6.09327,5.39165,1.23753,1.40716,6.23282,5.39387,6.12876,5.2894,1.17868,1.01522,8.21317,4.2238,0.959999,1
9.7,6.16469,5.59796,1.29014,2.18318,6.01281,5.82177,6.15648,5.44498,1.1948,1.03036,8.27052,4.30572,0.969999,1
9.8,6.16308,5.59238,1.23491,-0.0580406,6.1774,5.6898,6.19405,5.56055,1.20625,1.01204,8.32705,4.38821,0.979999,1
9.9,6.20379,5.70897,1.23919,1.23494,6.29903,5.89646,6.2423,5.69179,1.2169,1.0229,8.38275,4.47126,0.989999,1
10,6.20141,5.70206,1.28226,-0.0731014,6.25289,5.47252,6.26864,5.73782,1.22502,0.972776,8.43762,4.55486,0.999999,1
10.1,6.20662,5.71962,1.27226,0.183175,5.97178,5.90294,6.26447,5.83702,1.24114,0.994267,8.49165,4.63901,1.01,1
10.2,6.27899,5.95479,1.28084,2.46048,6.38354,6.11197,6.31011,5.9605,1.25091,1.01831,8.54484,4.72369,1.02,1
10.3,6.26287,5.90076,1.30267,-0.563793,6.40201,6.13482,6.34998,6.06851,1.26041,1.0088,8.59718,4.8089,1.03,1
10.4,6.31379,6.08611,1.32908,1.92213,6.10932,6.17449,6.34885,6.16105,1.27509,0.992097,8.64866,4.89463,1.04,1
10.5,6.3428,6.20378,1.3473,1.21203,6.39082,5.80279,6.37242,6.18741,1.28206,0.961312,8.69928,4.98087,1.05,1
10.6,6.35698,6.26616,1.33525,0.639649,6.23513,6.61524,6.38661,6.33169,1.29687,1.02364,8.74904,5.06762,1.06,1
10.7,6.36437,6.29694,1.30516,0.316519,6.78668,6.44549,6.45727,6.43617,1.30061,1.01255,8.79792,5.15485,1.07,1
10.8,6.36667,6.30539,1.28964,0.087602,6.37429,6.21504,6.46668,6.48203,1.31071,0.969194,8.84594,5.24257,1.08,1
10.9,6.44465,6.57539,1.31806,2.81031,6.37938,6.56216,6.47911,6.57454,1.32255,0.995419,8.89307,5.33077,1.09,1
11,6.45278,6.60689,1.33251,0.325398,6.7766,6.57468,6.5338,6.66021,1.32739,0.998836,8.93932,5.41943,1.1,1
11.1,6.50396,6.81758,1.36765,2.16817,6.45655,6.70377,6.54555,6.74763,1.33885,0.992659,8.98468,5.50855,1.11,1
11.2,6.52003,6.89558,1.39351,0.796312,6.62666,7.0055,6.57726,6.87062,1.34863,1.01562,9.02914,5.59812,1.12,1
11.3,6.55629,7.098,1.36549,2.05649,7.09126,6.66611,6.65176,6.92733,1.34882,0.985203,9.07271,5.68813,1.13,1
11.4,6.60505,7.33212,1.40621,2.39144,6.40441,7.03283,6.64315,7.02285,1.36346,0.994375,9.11538,5.77857,1.14,1
11.5,6.63879,7.53528,1.39597,2.05943,6.37722,7.6219,6.63702,7.19549,1.38051,1.03806,9.15714,5.86944,1.15,1
11.6,6.66439,7.68024,1.43814,1.47202,6.63393,8.00026,6.66141,7.40377,1.39379,1.06249,9.19799,5.96071,1.16,1
11.7,6.6755,7.7635,1.40995,0.839956,6.40704,7.77956,6.65123,7.54263,1.40953,1.01914,9.23792,6.05239,1.17,1
11.8,6.72041,8.04027,1.44021,2.80391,7.17089,7.85222,6.72634,7.67956,1.41169,1.0288,9.27694,6.14447,1.18,1
11.9,6.71398,7.99134,1.46847,-0.493496,6.88875,8.26459,6.76351,7.85601,1.4209,1.04641,9.31503,6.23693,1.19,1
12,6.74301,8.27402,1.51475,2.84165,6.30748,7.99062,6.72581,7.95605,1.43908,0.994811,9.35219,6.32976,1.2,1
12.1,6.74495,8.30855,1.51202,0.345862,6.5451,8.29584,6.71935,8.09128,1.45316,1.01844,9.38843,6.42297,1.21,1
12.2,6.74152,8.25031,1.52103,-0.583465,6.7982,8.38892,6.74027,8.22238,1.46259,1.01897,9.42373,6.51653,1.22,1
12.3,6.75412,8.50337,1.55531,2.53379,6.86652,8.38992,6.76451,8.33344,1.47081,1.00786,9.4581,6.61044,1.23,1
12.4,6.75379,8.48168,1.56501,-0.216922,6.73101,8.41998,6.76955,8.43058,1.48152,0.998229,9.49152,6.70469,1.24,1
12.5,6.75391,8.50333,1.58214,0.216476,6.54366,8.3209,6.75086,8.49551,1.49504,0.978006,9.524,6.79927,1.25,1
12.6,6.75256,8.62225,1.60492,1.18929,6.67298,8.99867,6.7515,8.65845,1.50738,1.0357,9.55553,6.89417,1.26,1
12.7,6.75429,8.57158,1.59799,-0.507009,6.50838,8.45886,6.72838,8.70942,1.52105,0.970076,9.58611,6.98937,1.27,1
12.8,6.75497,8.54679,1.59119,-0.247946,6.14981,8.52034,6.66711,8.76046,1.54051,0.968065,9.61574,7.08488,1.28,1
12.9,6.75408,8.59027,1.6192,0.434892,7.21203,8.693,6.72937,8.83643,1.54099,0.989248,9.64441,7.18069,1.29,1
13,6.754,8.59194,1.63303,0.0166386,6.47029,8.58203,6.70189,8.87912,1.55497,0.965682,9.67212,7.27677,1.3,1
13.1,6.74628,8.71588,1.61022,1.2418,6.68321,9.06327,6.70153,8.99238,1.56542,1.00757,9.69887,7.37313,1.31,1
13.2,6.7428,8.8041,1.65894,0.882883,6.69669,8.30094,6.69907,8.96676,1.57473,0.927514,9.72466,7.46974,1.32,1
13.3,6.73515,8.89065,1.67963,0.868869,6.87785,9.12995,6.7186,9.07724,1.58172,1.00655,9.74948,7.56662,1.33,1
13.4,6.72786,8.95735,1.71454,0.671009,6.48147,8.87915,6.69088,9.12942,1.59556,0.971899,9.77332,7.66373,1.34,1
13.5,6.70857,9.09061,1.74102,1.34649,6.8324,9.39857,6.70453,9.25648,1.60318,1.01584,9.7962,7.76108,1.35,1
13.6,6.69644,9.16119,1.69377,0.716113,6.81695,9.02318,6.71371,9.30358,1.61113,0.969595,9.8181,7.85865,1.36,1
13.7,6.66965,9.37795,1.71092,2.18417,6.72612,9.25668,6.71142,9.38018,1.62084,0.98654,9.83903,7.95644,1.37,1
13.8,6.65795,9.4609,1.70933,0.83769,6.58053,9.81372,6.69255,9.53308,1.63294,1.03066,9.85897,8.05443,1.38,1
13.9,6.642,9.57529,1.71889,1.15493,6.67521,9.46803,6.6852,9.60669,1.64318,0.984896,9.87793,8.15261,1.39,1
14,6.61371,9.76492,1.70306,1.91735,6.41413,9.47232,6.64916,9.6695,1.65775,0.979158,9.89592,8.25098,1.4,1
14.1,6.60447,9.83437,1.74036,0.70062,6.46392,9.62146,6.62127,9.74594,1.67083,0.987061,9.91291,8.34953,1.41,1
14.2,6.61644,9.76444,1.72908,-0.709547,6.49987,9.57136,6.59959,9.80214,1.68294,0.975383,9.92892,8.44824,1.42,1
14.3,6.62212,9.72883,1.7784,-0.360569,6.83676,9.90804,6.61574,9.90189,1.68875,0.999243,9.94394,8.5471,1.43,1
14.4,6.57913,9.93297,1.79614,2.08617,6.26728,10.0111,6.56683,10.0038,1.7044,1.00307,9.95798,8.64611,1.44,1
14.5,6.59334,9.87094,1.8365,-0.636331,6.92171,9.78079,6.59531,10.0505,1.70866,0.967806,9.97102,8.74526,1.45,1
14.6,6.53846,10.0726,1.87079,2.09004,6.80713,9.89543,6.60753,10.1083,1.71527,0.9749,9.98307,8.84453,1.46,1
14.7,6.44501,10.3747,1.89194,3.16237,6.33437,10.4254,6.56354,10.243,1.72923,1.0223,9.99413,8.94392,1.47,1
14.8,6.4183,10.455,1.92088,0.846011,6.37773,10.1358,6.53004,10.31,1.74246,0.982967,10.0042,9.04341,1.48,1
14.9,6.3938,10.5221,1.95434,0.714429,6.29307,10.5213,6.48799,10.4277,1.7559,1.01273,10.0133,9.143,1.49,1
15,6.31112,10.727,1.95938,2.20945,6.30833,10.6848,6.45074,10.5521,1.76822,1.01641,10.0213,9.24267,1.5,1
15.1,6.27414,10.8173,1.98352,0.976212,6.00904,10.543,6.38505,10.6361,1.7855,0.995876,10.0284,9.34242,1.51,1
15.2,6.25144,10.8692,2.04255,0.565759,6.80903,11.0451,6.4109,10.7796,1.7873,1.02179,10.0345,9.44224,1.52,1
15.3,6.22266,10.9256,2.06007,0.633376,6.4936,10.5695,6.40342,10.828,1.79644,0.970578,10.0396,9.54211,1.53,1
15.4,6.09675,11.1621,2.10898,2.67914,6.54885,11.2725,6.39684,10.9787,1.80264,1.02859,10.0436,9.64202,1.54,1
15.5,6.16645,11.0453,2.19599,-1.35988,6.41407,10.9298,6.37963,11.0527,1.81244,0.986139,10.0467,9.74198,1.55,1
15.6,6.13278,11.092,2.18073,0.575259,6.13979,10.6755,6.33597,11.0772,1.82755,0.961254,10.0488,9.84196,1.56,1
15.7,6.13465,11.0893,2.24085,-0.0325547,6.38332,11.4411,6.31612,11.2152,1.83543,1.02258,10.0499,9.94195,1.57,1
15.8,6.16799,11.0472,2.21798,-0.536941,5.90974,10.8323,6.25223,11.2404,1.85338,0.96465,10.05,10.042,1.58,1
15.9,6.12072,11.1097,2.2508,0.784046,6.12569,10.9518,6.21738,11.2773,1.86646,0.96772,10.049,10.1419,1.59,1
16,6.09227,11.1449,2.27413,0.452365,5.79306,11.1533,6.14622,11.3431,1.88374,0.989121,10.0471,10.2419,1.6,1
16.1,5.99298,11.262,2.30192,1.53526,5.516,11.1324,6.0514,11.3976,1.90471,0.986704,10.0442,10.3419,1.61,1
16.2,5.9702,11.2874,2.26716,0.341173,6.11285,11.431,6.03003,11.4814,1.91346,0.99231,10.0403,10.4418,1.62,1
16.3,5.83415,11.4501,2.27975,2.12101,5.70327,11.4148,5.96524,11.5544,1.9289,0.993314,10.0354,10.5417,1.63,1
16.4,5.67302,11.638,2.32814,2.475,5.81881,11.9376,5.91364,11.6944,1.93929,1.02837,10.0294,10.6415,1.64,1
16.5,5.64542,11.6672,2.33159,0.401658,5.55283,11.4089,5.84582,11.7337,1.95634,0.975946,10.0225,10.7413,1.65,1
16.6,5.55286,11.7644,2.30648,1.34245,5.70894,11.8147,5.79702,11.826,1.96797,1.00186,10.0146,10.841,1.66,1
16.7,5.48846,11.8356,2.27246,0.959725,5.66584,11.6414,5.75186,11.877,1.98092,0.978826,10.0057,10.9406,1.67,1
16.8,5.38431,11.9588,2.26998,1.61338,5.35955,11.9086,5.67228,11.965,1.99678,1.00585,9.9958,11.0401,1.68,1
16.9,5.25882,12.108,2.22766,1.94982,5.19218,11.5266,5.58867,11.9821,2.01669,0.968856,9.9849,11.1395,1.69,1
17,5.22348,12.1539,2.23235,0.578815,5.46248,11.9268,5.5383,12.0515,2.02886,0.990393,9.97301,11.2388,1.7,1
17.1,5.15313,12.2442,2.27653,1.14506,5.15008,12.2337,5.45237,12.1611,2.04357,1.01985,9.96012,11.3379,1.71,1
17.2,5.17822,12.2148,2.30109,-0.386819,5.05714,12.5017,5.36146,12.2944,2.05728,1.03383,9.94625,11.437,1.72,1
17.3,5.27486,12.1068,2.30218,-1.44869,5.17811,12.0243,5.3051,12.3312,2.07175,0.975087,9.93139,11.5359,1.73,1
17.4,5.16624,12.2279,2.34716,1.62633,5.32049,11.5863,5.27998,12.2925,2.08654,0.928296,9.91553,11.6346,1.74,1
17.5,4.98505,12.4124,2.35757,2.58595,5.41727,12.5608,5.24937,12.4031,2.09246,1.00757,9.89869,11.7332,1.75,1
17.6,5.00625,12.3912,2.35788,-0.299458,4.76501,12.501,5.14753,12.4999,2.10884,1.01865,9.88087,11.8316,1.76,1
17.7,4.98429,12.4131,2.3671,0.309978,5.12591,12.0006,5.1114,12.4981,2.1228,0.951031,9.86206,11.9298,1.77,1
17.8,4.87781,12.5173,2.36381,1.48972,4.87478,12.6785,5.03489,12.6011,2.13476,1.01564,9.84227,12.0278,1.78,1
17.9,4.98539,12.4114,2.37558,-1.50985,5.15979,12.2443,5.01205,12.6167,2.14566,0.956646,9.8215,12.1256,1.79,1
18,4.9068,12.487,2.43508,1.09038,4.81508,12.7512,4.93932,12.7111,2.15731,1.01047,9.79976,12.2232,1.8,1
18.1,4.81497,12.5653,2.41384,1.20736,5.00151,12.6116,4.90218,12.7651,2.16714,0.980091,9.77704,12.3206,1.81,1
18.2,4.69126,12.6755,2.3973,1.65679,4.91562,12.4544,4.86301,12.7888,2.17949,0.965755,9.75335,12.4178,1.82,1
18.3,4.73593,12.6344,2.40071,-0.607326,4.67868,12.5404,4.79741,12.8255,2.19414,0.980293,9.72868,12.5147,1.83,1
18.4,4.60452,12.7546,2.43417,1.78093,4.26179,13.1721,4.67423,12.9558,2.20847,1.04398,9.70305,12.6113,1.84,1
18.5,4.54041,12.8094,2.45791,0.843537,4.37313,13.2106,4.58082,13.0667,2.22025,1.0255,9.67646,12.7077,1.85,1
18.6,4.50676,12.8368,2.46989,0.434127,4.46401,12.8294,4.5205,13.102,2.23394,0.978715,9.6489,12.8039,1.86,1
18.7,4.45442,12.8785,2.50975,0.668642,4.51806,12.8675,4.47351,13.1346,2.24607,0.973251,9.62038,12.8997,1.87,1
18.8,4.31773,12.9785,2.52557,1.69388,4.73121,13.1628,4.45243,13.1981,2.25222,0.979312,9.5909,12.9953,1.88,1
18.9,4.1835,13.0735,2.5534,1.64468,4.32933,13.3228,4.38075,13.2839,2.26257,1.00673,9.56047,13.0905,1.89,1
19,4.04341,13.167,2.62072,1.68384,4.11716,12.9118,4.30214,13.302,2.27965,0.977854,9.52909,13.1855,1.9,1
19.1,3.84916,13.2784,2.57302,2.23951,3.8815,13.2408,4.19496,13.3669,2.2957,1.00976,9.49676,13.2801,1.91,1
19.2,3.88075,13.2582,2.59754,-0.374961,3.85951,13.3833,4.09558,13.44,2.3098,1.01099,9.46349,13.3744,1.92,1
19.3,3.72405,13.353,2.59165,1.83147,3.51613,13.4697,3.96337,13.52,2.32685,1.02627,9.42927,13.4684,1.93,1
19.4,3.66013,13.3922,2.5647,0.749745,3.68654,13.2175,3.87688,13.5455,2.34346,0.985648,9.39412,13.562,1.94,1
19.5,3.67624,13.3817,2.56419,-0.192157,3.31168,13.1462,3.75407,13.5639,2.36473,0.996565,9.35803,13.6552,1.95,1
19.6,3.70056,13.3659,2.58909,-0.290272,3.49491,13.3109,3.66606,13.5941,2.38058,0.989106,9.32102,13.7481,1.96,1
19.7,3.69834,13.3672,2.62438,0.02609,3.58978,13.5085,3.59691,13.642,2.39234,0.989734,9.28307,13.8407,1.97,1
19.8,3.69835,13.3672,2.64256,-0.000151992,4.15344,12.9531,3.62549,13.5915,2.40323,0.909869,9.2442,13.9328,1.98,1
19.9,3.62108,13.4093,2.5936,0.880056,3.79398,13.9779,3.57592,13.6961,2.4067,1.00571,9.20442,14.0245,1.99,1
20,3.50827,13.4782,2.55403,1.32155,3.21133,12.9762,3.4823,13.6641,2.42922,0.967267,9.16371,14.1159,2,1
20.1,3.30187,13.6157,2.59088,2.47989,3.57681,13.4219,3.43702,13.684,2.44085,0.969078,9.1221,14.2068,2.01,1
20.2,3.32203,13.6033,2.60308,-0.236511,3.49305,13.7466,3.3785,13.7449,2.44935,0.99112,9.07958,14.2973,2.02,1
20.3,3.31539,13.6073,2.60997,0.0772892,3.31685,13.8891,3.30163,13.8191,2.45822,1.00401,9.03615,14.3874,2.03,1
20.4,3.31531,13.6073,2.55523,0.000906169,3.58504,13.9938,3.27049,13.8881,2.46284,0.98246,8.99183,14.477,2.04,1
20.5,3.1784,13.6983,2.58334,1.64367,3.01145,13.5923,3.17666,13.9081,2.47924,0.990479,8.94661,14.5662,2.05,1
20.6,3.26968,13.6413,2.5974,-1.07608,3.42919,13.7434,3.14884,13.9318,2.48846,0.963452,8.90051,14.655,2.06,1
20.7,3.06489,13.7652,2.61632,2.39365,2.69295,13.9235,3.01919,13.9927,2.50336,1.02217,8.85351,14.7432,2.07,1
20.8,2.98714,13.8102,2.62758,0.898567,2.99132,13.39,2.96221,13.9649,2.52122,0.957437,8.80564,14.831,2.08,1
20.9,2.87374,13.8743,2.60834,1.30227,2.64276,13.9232,2.85014,14.0158,2.53497,1.0112,8.75689,14.9184,2.09,1
21,2.80898,13.9125,2.62955,0.752073,3.0579,14.1485,2.80667,14.0756,2.54103,0.983419,8.70727,15.0052,2.1,1
21.1,2.85825,13.8848,2.64599,-0.565242,2.7076,14.4593,2.71403,14.1745,2.54691,1.01951,8.65679,15.0915,2.11,1
21.2,2.65511,13.9946,2.68728,2.30933,2.43284,14.0304,2.60802,14.2097,2.56152,1.0035,8.60544,15.1773,2.12,1
21.3,2.64252,14.0008,2.67215,0.140043,1.89777,13.7265,2.44848,14.2108,2.58479,1.01711,8.55324,15.2626,2.13,1
21.4,2.54317,14.0512,2.6405,1.11407,2.59187,14.3994,2.39282,14.2755,2.59078,0.990193,8.50019,15.3474,2.14,1
21.5,2.48051,14.0855,2.64994,0.714457,2.50108,13.6786,2.35025,14.2416,2.60777,0.951424,8.4463,15.4316,2.15,1
21.6,2.4069,14.1249,2.65403,0.834912,2.54059,14.1169,2.30776,14.2641,2.61761,0.969978,8.39156,15.5153,2.16,1
21.7,2.15367,14.2592,2.63075,2.86636,1.98725,14.193,2.19031,14.3043,2.63141,1.01181,8.33599,15.5984,2.17,1
21.8,1.99913,14.3458,2.66896,1.77158,2.06239,14.4823,2.09428,14.3701,2.63997,1.00953,8.27959,15.681,2.18,1
21.9,1.94077,14.3756,2.63348,0.655405,2.11769,14.4144,2.02277,14.4153,2.64906,0.991171,8.22237,15.763,2.19,1
22,1.85145,14.4254,2.69632,1.02245,1.86779,14.6127,1.92164,14.4825,2.65751,1.01239,8.16433,15.8445,2.2,1
22.1,1.69541,14.4998,2.74213,1.72889,1.95564,14.4317,1.85311,14.5145,2.66786,0.98578,8.10548,15.9253,2.21,1
22.2,1.5176,14.5749,2.77831,1.93009,1.79572,14.5731,1.76847,14.561,2.67742,0.998086,8.04583,16.0056,2.22,1
22.3,1.30225,14.6568,2.77482,2.30387,1.00028,14.376,1.58428,14.5922,2.69621,1.04389,7.98537,16.0852,2.23,1
22.4,1.07985,14.7422,2.80007,2.38242,0.48023,14.7246,1.34283,14.6673,2.71292,1.08549,7.92412,16.1643,2.24,1
22.5,1.04106,14.756,2.79102,0.411713,0.613911,14.807,1.15555,14.7338,2.72642,1.0559,7.86209,16.2427,2.25,1
22.6,1.10412,14.7329,2.72991,-0.671421,0.851568,14.3476,1.04115,14.7272,2.74428,0.999418,7.79927,16.3205,2.26,1
22.7001,1.04598,14.7583,2.77585,0.63436,1.40379,14.7494,1.01698,14.7549,2.75118,0.961986,7.73568,16.3977,2.27,1
22.8001,0.978664,14.7841,2.7718,0.720866,0.79097,15.079,0.898995,14.8296,2.75789,1.02242,7.67132,16.4742,2.28,1
22.9001,0.895469,14.8164,2.78826,0.892265,0.782339,15.0122,0.799912,14.8848,2.76589,1.00763,7.6062,16.5501,2.29,1
23.0001,0.717473,14.882,2.85425,1.89716,0.635943,14.8959,0.696705,14.9198,2.77675,1.00496,7.54032,16.6253,2.3,1
23.1001,0.619569,14.9109,2.85012,1.0209,0.913043,15.1782,0.645864,14.976,2.78133,0.98225,7.47369,16.6999,2.31,1
23.2001,0.505219,14.9452,2.80483,1.19385,0.525968,15.1059,0.546602,15.0229,2.79007,1.00564,7.40632,16.7738,2.32,1
23.3001,0.362434,14.9952,2.82373,1.51283,0.515243,14.8396,0.466039,15.0307,2.80299,0.987012,7.33821,16.847,2.33,1
23.4001,0.226793,15.0399,2.8187,1.42794,0.203181,15.0019,0.347211,15.0596,2.81498,1.01219,7.26938,16.9196,2.34,1
23.5001,0.198897,15.0492,2.81574,0.294163,0.249391,15.2151,0.249929,15.1061,2.8231,1.00441,7.19982,16.9914,2.35,1
23.6001,0.0649023,15.0945,2.85243,1.41437,0.184708,15.1628,0.159073,15.1399,2.83253,0.998281,7.12955,17.0626,2.36,1
23.7001,0.0187883,15.1082,2.85927,0.481115,-0.137553,15.2281,0.0320969,15.1802,2.84278,1.01916,7.05857,17.133,2.37,1
23.8001,-0.0899262,15.1397,2.87802,1.13196,-0.353271,15.1434,-0.106808,15.2066,2.85541,1.02297,6.98689,17.2027,2.38,1
23.9001,-0.0917638,15.1402,2.88846,0.019033,0.100926,14.769,-0.14893,15.1765,2.87105,0.95968,6.91452,17.2717,2.39,1
24.0001,-0.350724,15.2072,2.83315,2.67485,-0.522564,15.026,-0.28528,15.1871,2.88527,1.01897,6.84146,17.34,2.4,1
24.1001,-0.485675,15.2502,2.81809,1.41635,-0.658033,15.5497,-0.429476,15.255,2.89135,1.03356,6.76772,17.4076,2.41,1
24.2001,-0.468298,15.2444,2.7959,-0.183281,-0.477056,15.576,-0.522928,15.3129,2.89644,1.0037,6.69331,17.4744,2.42,1
24.3001,-0.642003,15.3069,2.8349,1.84628,-0.642638,15.4253,-0.624661,15.3475,2.90516,1.00431,6.61823,17.5404,2.43,1
24.4001,-0.79564,15.3556,2.82503,1.61157,-0.926611,15.3125,-0.752841,15.367,2.91701,1.01656,6.5425,17.6057,2.44,1
24.5001,-0.953632,15.4074,2.84639,1.66253,-0.674246,15.4955,-0.824353,15.3991,2.92455,0.987033,6.46612,17.6703,2.45,1
24.6001,-0.840572,15.373,2.85401,-1.18171,-0.827352,15.922,-0.913537,15.4761,2.92615,1.00345,6.3891,17.7341,2.46,1
24.7001,-0.951686,15.4058,2.84629,1.15872,-0.986333,15.4995,-1.00737,15.4974,2.93602,0.997836,6.31144,17.7971,2.47,1
24.8001,-0.978582,15.414,2.86284,0.281127,-0.747132,15.7914,-1.05261,15.5444,2.94023,0.974162,6.23316,17.8593,2.48,1
24.9001,-1.09941,15.4486,2.92416,1.25677,-0.61603,16.0142,-1.07222,15.6089,2.94098,0.961937,6.15426,17.9207,2.49,1
25.0001,-1.20818,15.4726,2.89944,1.11396,-1.16565,15.494,-1.16801,15.6136,2.95313,0.996789,6.07475,17.9814,2.5,1
25.1001,-1.31049,15.4979,2.88103,1.05386,-0.82484,15.2998,-1.19358,15.5904,2.96692,0.953804,5.99463,18.0412,2.51,1
25.2001,-1.47467,15.5417,2.90724,1.69916,-1.3759,15.3904,-1.30295,15.5843,2.98072,1.00332,5.91392,18.1003,2.52,1
25.3001,-1.54626,15.5588,2.93749,0.735958,-1.15872,15.0705,-1.35828,15.5387,2.9985,0.968379,5.83263,18.1585,2.53,1
25.4001,-1.71444,15.5936,2.95126,1.71749,-1.64883,15.6302,-1.48808,15.5634,3.00784,1.0186,5.75075,18.2159,2.54,1
25.5001,-1.80341,15.6107,2.98423,0.906008,-1.51597,15.7889,-1.57789,15.5997,3.01419,0.997089,5.66831,18.2725,2.55,1
25.6001,-1.95918,15.6354,3.03607,1.57727,-2.16274,15.1262,-1.7494,15.5625,3.03345,1.03627,5.58531,18.3283,2.56,1
25.7001,-2.18627,15.6595,3.0715,2.28352,-1.73786,16.4491,-1.83833,15.6696,3.02889,1.00276,5.50175,18.3832,2.57,1
25.8001,-2.21908,15.6618,3.1344,0.32894,-2.27569,15.7418,-1.99148,15.6902,3.03873,1.03148,5.41764,18.4373,2.58,1
25.9001,-2.27894,15.6622,3.11773,0.598673,-2.22579,15.6761,-2.11206,15.6987,3.04944,1.01193,5.333,18.4906,2.59,1
26.0001,-2.25886,15.6617,3.13921,-0.200863,-2.23297,15.9339,-2.21652,15.733,3.05579,1.00469,5.24783,18.543,2.6,1
26.1001,-2.32521,15.6619,3.1674,0.66348,-2.16237,15.6043,-2.29097,15.7255,3.06773,0.984445,5.16214,18.5945,2.61,1
26.2001,-2.38098,15.6605,3.15243,0.557824,-2.12366,15.8401,-2.34907,15.7431,3.07547,0.976798,5.07594,18.6452,2.62,1
26.3001,-2.45265,15.6597,3.1747,0.716817,-2.50161,15.2986,-2.45477,15.7003,3.09296,1.00044,4.98924,18.695,2.63,1
26.4001,-2.5875,15.6552,3.17644,1.34922,-2.88479,16.1343,-2.60907,15.754,3.09643,1.03388,4.90205,18.744,2.64,1
26.5001,-2.68419,15.6518,3.17035,0.967504,-2.74051,15.4594,-2.71264,15.7258,3.11139,1.00053,4.81436,18.7921,2.65,1
26.6001,-2.68298,15.6519,3.19034,-0.0121031,-2.82779,15.5561,-2.81432,15.7099,3.12425,1.00019,4.72621,18.8393,2.66,1
26.7001,-2.80747,15.6458,3.14266,1.24633,-2.78538,15.2227,-2.89216,15.6574,3.14215,0.985284,4.63758,18.8856,2.67,1
26.8001,-2.82186,15.6458,3.16588,0.143968,-2.89353,16.1041,-2.97779,15.7061,3.14471,0.993152,4.5485,18.931,2.68,1
26.9001,-2.90542,15.6438,3.15338,0.835825,-3.08669,15.9854,-3.07986,15.7365,3.15011,1.00192,4.45896,18.9756,2.69,1
27.0001,-3.04394,15.6421,3.17862,1.38526,-2.99088,15.5125,-3.14942,15.7108,3.16368,0.981996,4.36899,19.0192,2.7,1
27.1001,-3.05363,15.6418,3.20026,0.0969815,-3.21263,15.5517,-3.24333,15.6914,3.17625,0.996295,4.27858,19.0619,2.71,1
27.2001,-3.16497,15.6352,3.21069,1.11529,-3.48341,16.0204,-3.36583,15.7245,3.1808,1.01324,4.18775,19.1038,2.72,1
27.3001,-3.17861,15.6343,3.20638,0.136745,-3.39233,15.5002,-3.454,15.6964,3.19443,0.993205,4.09651,19.1447,2.73,1
27.4001,-3.15769,15.6356,3.2209,-0.209593,-3.06492,15.9021,-3.47613,15.7143,3.201,0.955024,4.00486,19.1847,2.74,1
27.5001,-3.30804,15.6237,3.25476,1.50821,-3.00431,15.1443,-3.48544,15.6468,3.22045,0.948453,3.91281,19.2238,2.75,1
27.6001,-3.38433,15.615,3.2848,0.767844,-3.46003,15.672,-3.56521,15.6427,3.22996,0.988448,3.82038,19.262,2.76,1
27.7001,-3.48148,15.601,3.28429,0.981559,-3.57385,15.4942,-3.6506,15.6187,3.24232,0.992163,3.72758,19.2992,2.77,1
27.8001,-3.52312,15.595,3.26533,0.420671,-3.24929,15.791,-3.67015,15.6298,3.24971,0.953296,3.6344,19.3355,2.78,1
27.9001,-3.70316,15.5726,3.30907,1.81424,-3.5625,15.414,-3.73725,15.5971,3.26329,0.982187,3.54087,19.3709,2.79,1
28.0001,-3.58173,15.5932,3.32697,-1.23155,-3.90448,15.7158,-3.84687,15.5991,3.27106,1.00536,3.44699,19.4053,2.8,1
28.1001,-3.72722,15.5659,3.35313,1.48028,-3.79885,15.3502,-3.92358,15.5608,3.28513,0.988327,3.35276,19.4388,2.81,1
28.2001,-3.78578,15.5533,3.3506,0.598926,-3.33912,15.6068,-3.91395,15.5561,3.29517,0.937086,3.25821,19.4714,2.82,1
28.3001,-3.87282,15.5349,3.37827,0.88983,-3.9659,15.6069,-4.00502,15.5483,3.30416,0.995094,3.16334,19.503,2.83,1
28.4001,-3.95386,15.5153,3.41297,0.83357,-4.21406,15.8603,-4.11941,15.5677,3.30859,1.0066,3.06815,19.5336,2.84,1
28.5001,-3.98331,15.5071,3.45533,0.305679,-4.05394,15.3307,-4.19335,15.5277,3.32252,0.987579,2.97267,19.5633,2.85,1
28.6001,-4.12254,15.4619,3.42551,1.46375,-3.94491,15.4471,-4.23728,15.505,3.33431,0.969254,2.87689,19.5921,2.86,1
28.7001,-4.17408,15.4469,3.45259,0.53692,-4.67725,16.065,-4.38547,15.5476,3.33406,1.02333,2.78083,19.6199,2.87,1
28.8001,-4.18281,15.4441,3.54356,0.0916889,-4.40282,15.3624,-4.47207,15.5106,3.34696,0.995015,2.68449,19.6467,2.88,1
28.9001,-4.28623,15.4001,3.52721,1.12375,-4.47606,15.333,-4.55637,15.4735,3.35977,0.99385,2.58789,19.6726,2.89,1
29.0001,-4.34749,15.3753,3.52937,0.661187,-3.94445,15.2453,-4.5439,15.4347,3.37514,0.939172,2.49104,19.6975,2.9,1
29.1001,-4.55033,15.2924,3.55641,2.19111,-4.70879,15.5368,-4.65074,15.4249,3.38291,1.00399,2.39395,19.7214,2.91,1
29.2001,-4.68336,15.2338,3.55293,1.45358,-4.94971,15.5783,-4.77795,15.4189,3.3894,1.01502,2.29662,19.7443,2.92,1
29.3001,-4.58698,15.2759,3.58892,-1.05156,-4.74421,14.9641,-4.85851,15.3477,3.40678,0.99628,2.19906,19.7663,2.93,1
29.4001,-4.55974,15.2889,3.61093,-0.302134,-4.68469,15.3635,-4.91221,15.3289,3.41705,0.974957,2.10129,19.7873,2.94,1
29.5001,-4.54591,15.296,3.62063,-0.155047,-4.87848,14.6842,-4.99461,15.2339,3.43744,1.00109,2.00332,19.8073,2.95,1
29.6001,-4.63864,15.2478,3.60819,1.04491,-4.62987,15.7228,-5.01257,15.268,3.44094,0.947746,1.90515,19.8264,2.96,1
29.7001,-4.70161,15.2161,3.6576,0.705054,-4.7996,15.0508,-5.06216,15.221,3.45518,0.97684,1.80679,19.8445,2.97,1
29.8001,-4.79143,15.1651,3.65629,1.03272,-4.97383,14.9134,-5.13205,15.1611,3.47036,0.9903,1.70826,19.8615,2.98,1
29.9001,-4.87713,15.1166,3.68217,0.984563,-4.84623,15.1379,-5.16743,15.1347,3.4819,0.966184,1.60956,19.8776,2.99,1
30.0001,-4.84908,15.1335,3.6982,-0.327182,-4.68714,15.1929,-5.17136,15.1192,3.49309,0.947082,1.51071,19.8927,3,1
30.1001,-4.86713,15.1223,3.72849,0.212581,-5.07741,15.4138,-5.2317,15.1247,3.49881,0.974695,1.41171,19.9068,3.01,1
30.2001,-4.95107,15.0664,3.73101,1.00809,-4.83866,14.8358,-5.25374,15.0676,3.51521,0.964531,1.31257,19.92,3.02,1
30.3001,-5.0501,15.0002,3.71912,1.19136,-5.37913,15.3628,-5.34701,15.0686,3.51985,0.993247,1.21331,19.9321,3.03,1
30.4001,-5.14272,14.9399,3.74562,1.10542,-5.31819,14.7238,-5.4258,14.9982,3.5353,0.998598,1.11394,19.9432,3.04,1
30.5001,-5.16184,14.9267,3.71864,0.232285,-5.02251,14.7443,-5.44536,14.9426,3.55136,0.963801,1.01445,19.9534,3.05,1
30.6001,-5.36222,14.7962,3.72724,2.39098,-5.5956,14.9229,-5.54573,14.9042,3.56072,1.00439,0.91487,19.9625,3.06,1
30.7001,-5.53421,14.6821,3.78223,2.06387,-5.71888,14.6234,-5.65347,14.8344,3.57394,1.01488,0.815203,19.9707,3.07,1
30.8001,-5.60496,14.6294,3.81479,0.882437,-5.88328,14.2502,-5.7745,14.7272,3.5914,1.03018,0.715459,19.9778,3.08,1
30.9001,-5.82186,14.4564,3.85991,2.7743,-5.7335,14.4929,-5.84791,14.6637,3.60512,0.995544,0.615649,19.984,3.09,1
31.0001,-5.92315,14.3679,3.84114,1.34525,-5.62011,14.5467,-5.89057,14.6161,3.61826,0.975848,0.515782,19.9891,3.1,1
31.1001,-5.93031,14.3619,3.78686,0.0936564,-6.08729,14.7623,-5.99225,14.5909,3.62465,1.00192,0.415868,19.9933,3.11,1
31.2001,-6.16165,14.1877,3.76105,2.89551,-6.2711,13.4979,-6.12875,14.4175,3.64904,1.05573,0.315918,19.9964,3.12,1
31.3001,-6.39951,14.0181,3.76687,2.9215,-6.77468,14.1808,-6.30352,14.3361,3.65794,1.05367,0.215941,19.9986,3.13,1
31.4001,-6.47505,13.9636,3.75631,0.931657,-6.77671,13.9376,-6.45498,14.2378,3.67033,1.04589,0.115948,19.9998,3.14,1
31.5001,-6.51711,13.9339,3.78971,0.514873,-6.2543,14.1161,-6.49994,14.1845,3.6835,0.979464,0.0159483,19.9999,3.15,1
31.6001,-6.64497,13.8371,3.83446,1.60382,-6.45156,13.61,-6.57618,14.0729,3.70215,1.0113,-0.0840482,19.9991,3.16,1
31.7001,-6.68885,13.8006,3.89245,0.570276,-6.93389,14.4021,-6.69346,14.0602,3.70448,1.00536,-0.184031,19.9972,3.17,1
31.8001,-6.84556,13.6544,3.89321,2.14344,-7.04436,13.4003,-6.82991,13.928,3.72111,1.04837,-0.283991,19.9944,3.18,1
31.9001,-6.90494,13.5989,3.89227,0.81284,-7.12451,13.7182,-6.94784,13.8499,3.73161,1.02385,-0.383917,19.9906,3.19,1
32.0001,-6.94753,13.5592,3.88858,0.5824,-6.71476,13.9439,-6.98144,13.8193,3.74211,0.968054,-0.4838,19.9857,3.2,1
32.1001,-6.95519,13.5521,3.95218,0.104429,-6.90218,13.5613,-7.04471,13.7416,3.75632,0.996885,-0.583629,19.9799,3.21,1
32.2001,-7.13542,13.3625,3.95285,2.61547,-7.28224,13.274,-7.15807,13.63,3.7707,1.03201,-0.683396,19.973,3.22,1
32.3001,-7.16317,13.3333,3.94099,0.402996,-7.32877,13.4672,-7.25425,13.5563,3.78135,1.01209,-0.783088,19.9652,3.23,1
32.4001,-7.08105,13.4178,3.954,-1.17799,-6.9369,13.3089,-7.28136,13.4823,3.79752,0.979011,-0.882698,19.9564,3.24,1
32.5001,-7.18399,13.3091,3.98004,1.49674,-7.0232,13.3254,-7.31432,13.417,3.81193,0.979307,-0.982214,19.9466,3.25,1
32.6001,-7.35199,13.1223,3.98191,2.51273,-7.26512,13.2499,-7.37684,13.3446,3.82455,0.995902,-1.08163,19.9357,3.26,1
32.7001,-7.48856,12.9698,4.0229,2.04684,-7.455,13.0389,-7.46014,13.2509,3.83779,1.013,-1.18093,19.9239,3.27,1
32.8001,-7.43798,13.0311,4.03225,-0.795081,-7.5022,13.0564,-7.535,13.1711,3.84986,1.00453,-1.2801,19.9111,3.28,1
32.9001,-7.55033,12.8922,4.0516,1.78641,-7.73948,12.8302,-7.63562,13.0679,3.86221,1.02467,-1.37915,19.8973,3.29,1
33.0001,-7.60077,12.8274,4.07846,0.821763,-7.90165,12.8549,-7.7411,12.9786,3.8722,1.02209,-1.47805,19.8825,3.3,1
33.1001,-7.66607,12.7385,4.08399,1.10257,-7.75774,12.8672,-7.80855,12.9075,3.88337,0.998405,-1.5768,19.8668,3.31,1
33.2001,-7.67599,12.7249,4.07111,0.168683,-7.8936,12.4178,-7.89402,12.7852,3.89863,1.0253,-1.67538,19.85,3.32,1
33.3001,-7.72306,12.6618,4.09792,0.786913,-7.86405,12.184,-7.96535,12.65,3.91644,1.02417,-1.77379,19.8323,3.33,1
33.4001,-7.74099,12.6364,4.04371,0.31095,-7.52845,13.0404,-7.95537,12.6524,3.92614,0.937116,-1.87202,19.8135,3.34,1
33.5001,-7.80607,12.5541,4.02509,1.04978,-7.69342,12.4819,-7.98281,12.5768,3.941,0.983209,-1.97006,19.7938,3.35,1
33.6001,-7.91247,12.4244,3.98952,1.67703,-7.49099,12.1554,-7.98422,12.4728,3.96146,0.983445,-2.0679,19.7731,3.36,1
33.7001,-7.93872,12.3947,3.99367,0.396799,-7.82099,12.5979,-8.01606,12.4316,3.97167,0.972085,-2.16552,19.7515,3.37,1
33.8001,-7.96923,12.3598,4.00036,0.463289,-8.07493,12.22,-8.08576,12.3397,3.98341,1.00819,-2.26293,19.7288,3.38,1
33.9001,-8.01354,12.3084,4.02049,0.678288,-8.01738,12.5981,-8.12597,12.3129,3.99106,0.969736,-2.3601,19.7052,3.39,1
34.0001,-8.02333,12.2966,4.04433,0.153403,-8.09671,12.5904,-8.17053,12.2875,3.99809,0.970859,-2.45703,19.6806,3.4,1
34.1001,-8.08364,12.2202,4.08009,0.973515,-8.28466,12.1091,-8.24507,12.1969,4.00869,1.00988,-2.55371,19.6551,3.41,1
34.2001,-8.13545,12.1495,4.10605,0.876653,-8.67225,12.2466,-8.35492,12.1288,4.01293,1.01441,-2.65013,19.6285,3.42,1
34.3,-8.13041,12.1568,4.07711,-0.0884533,-8.21515,12.0894,-8.39132,12.0623,4.02499,0.984788,-2.74628,19.6011,3.43,1
34.4,-8.20802,12.0515,4.0518,1.3079,-8.59824,12.0257,-8.47272,11.9871,4.03279,1.00607,-2.84215,19.5726,3.44,1
34.5,-8.35155,11.8668,4.0518,2.33929,-8.59452,11.4518,-8.55454,11.8452,4.04705,1.03499,-2.93773,19.5432,3.45,1
34.6,-8.53434,11.6315,4.12162,2.97901,-8.14644,11.4389,-8.56271,11.7329,4.06643,0.994452,-3.03301,19.5129,3.46,1
34.7,-8.57171,11.5758,4.16192,0.67093,-8.5513,11.1351,-8.62618,11.5833,4.08283,1.03202,-3.12798,19.4816,3.47,1
34.8,-8.64251,11.4605,4.15584,1.3536,-8.44182,11.2734,-8.65903,11.4766,4.09832,1.00201,-3.22264,19.4493,3.48,1
34.9,-8.79979,11.2077,4.13746,2.97721,-8.72031,11.203,-8.72175,11.3681,4.11025,1.01393,-3.31697,19.4161,3.49,1
35,-8.85871,11.1167,4.11067,1.08353,-8.94897,11.3342,-8.79916,11.2884,4.11754,1.00613,-3.41096,19.382,3.5,1
35.1,-8.86189,11.1121,4.16288,0.0562273,-8.78393,10.7677,-8.85652,11.1457,4.13284,1.02798,-3.50461,19.3469,3.51,1
35.2,-8.94074,10.9833,4.17404,1.50978,-9.33098,11.1036,-8.96377,11.058,4.13689,1.01988,-3.5979,19.3109,3.52,1
35.3,-9.00563,10.8747,4.16766,1.26559,-8.96077,11.0661,-9.00875,10.9885,4.14676,0.990077,-3.69082,19.2739,3.53,1
35.4,-9.00582,10.8744,4.14059,0.00363594,-8.89537,10.9734,-9.03963,10.9178,4.15835,0.985961,-3.78337,19.2361,3.54,1
35.5,-9.08716,10.748,4.19138,1.50304,-9.13739,10.4483,-9.10682,10.7768,4.17134,1.03136,-3.87554,19.1973,3.55,1
35.6,-9.11148,10.7056,4.17492,0.488744,-9.03722,10.7008,-9.14293,10.6953,4.1829,0.993051,-3.96732,19.1576,3.56,1
35.7,-9.09994,10.725,4.17226,-0.225422,-9.06567,10.5178,-9.17957,10.5988,4.19549,1.00054,-4.05869,19.1169,3.57,1
35.8,-9.11812,10.6946,4.20382,0.353427,-9.27877,10.6984,-9.23098,10.5376,4.20314,0.988066,-4.14965,19.0754,3.58,1
35.9,-9.16373,10.6128,4.22664,0.936846,-9.32226,10.6535,-9.28046,10.4788,4.21077,0.986275,-4.2402,19.0329,3.59,1
36,-9.16574,10.609,4.26675,0.0429047,-8.88842,10.5576,-9.27061,10.425,4.22553,0.965908,-4.33031,18.9896,3.6,1
36.1,-9.15176,10.6383,4.26298,-0.324263,-9.02411,10.5426,-9.27689,10.373,4.23795,0.969996,-4.41999,18.9453,3.61,1
36.2,-9.22372,10.4891,4.26851,1.65635,-8.83051,10.3833,-9.26025,10.3092,4.25415,0.969453,-4.50921,18.9002,3.62,1
36.3,-9.26912,10.3936,4.28351,1.05735,-9.28905,10.3701,-9.29941,10.2419,4.26315,0.98728,-4.59799,18.8541,3.63,1
36.4,-9.33444,10.2508,4.29409,1.57054,-9.31719,10.2639,-9.33738,10.1689,4.27264,0.989862,-4.6863,18.8072,3.64,1
36.5,-9.43336,10.0282,4.28076,2.43529,-9.67363,10.0722,-9.41557,10.0714,4.27842,1.01322,-4.77413,18.7594,3.65,1
36.6,-9.43897,10.0161,4.31302,0.134154,-9.42289,10.1003,-9.451,9.99911,4.28802,0.988805,-4.86148,18.7107,3.66,1
36.7,-9.46737,9.94876,4.37004,0.73041,-9.88206,9.86408,-9.53983,9.89363,4.29261,1.01981,-4.94834,18.6612,3.67,1
36.8,-9.47084,9.93903,4.40944,0.103317,-9.79828,10.1475,-9.59979,9.84942,4.29687,0.980537,-5.03471,18.6108,3.68,1
36.9,-9.52697,9.75945,4.44057,1.88154,-9.83382,9.59673,-9.6664,9.73007,4.30516,1.02107,-5.12056,18.5595,3.69,1
37,-9.52755,9.75737,4.42307,0.0215666,-9.21336,9.72757,-9.6457,9.66112,4.32187,0.973173,-5.20589,18.5074,3.7,1
37.1,-9.6002,9.5133,4.49431,2.54647,-9.25235,9.65701,-9.63094,9.5901,4.33772,0.975985,-5.2907,18.4544,3.71,1
37.2,-9.62573,9.39809,4.49269,1.18007,-9.49229,9.25654,-9.65132,9.46412,4.35198,1.0135,-5.37498,18.4006,3.72,1
37.3,-9.64875,9.29504,4.50658,1.0559,-9.77142,8.9318,-9.70459,9.30282,4.36358,1.03999,-5.45871,18.3459,3.73,1
37.4,-9.6514,9.2823,4.55144,0.130116,-9.51099,9.6046,-9.70496,9.27277,4.37451,0.958429,-5.5419,18.2904,3.74,1
37.5,-9.66067,9.22523,4.53261,0.578204,-9.27993,9.37134,-9.68116,9.2157,4.39029,0.967671,-5.62452,18.2341,3.75,1
37.6,-9.67097,9.16858,4.56686,0.575817,-9.72959,8.80462,-9.72017,9.07248,4.40195,1.02752,-5.70658,18.1769,3.76,1
37.7,-9.67909,9.11317,4.57434,0.559996,-9.68183,8.80842,-9.74553,8.95267,4.41401,1.0122,-5.78806,18.1189,3.77,1
37.8,-9.69392,9.00638,4.55236,1.07818,-9.52737,8.68999,-9.74899,8.83557,4.42879,1.00651,-5.86895,18.0601,3.78,1
37.9,-9.73159,8.77305,4.57544,2.36347,-9.96263,8.49565,-9.80223,8.69928,4.43725,1.02677,-5.94926,18.0005,3.79,1
38,-9.75722,8.58702,4.57891,1.87788,-10.1311,8.55675,-9.86479,8.59131,4.4428,1.01296,-6.02896,17.9402,3.8,1
38.1,-9.79282,8.32193,4.60527,2.67472,-9.30254,8.25874,-9.82744,8.46734,4.46323,1.00366,-6.10806,17.879,3.81,1
38.2,-9.81349,8.12971,4.66728,1.93331,-9.2903,8.40389,-9.78742,8.38367,4.48189,0.981548,-6.18654,17.817,3.82,1
38.3,-9.82125,7.95764,4.70562,1.72237,-9.74425,8.03656,-9.80621,8.24862,4.49412,1.02018,-6.2644,17.7542,3.83,1
38.4,-9.82143,7.93129,4.7191,0.263509,-9.96763,7.59422,-9.85115,8.06285,4.50446,1.0526,-6.34163,17.6907,3.84,1
38.5,-9.82118,7.89342,4.71069,0.378702,-10.1484,8.03538,-9.90221,7.9724,4.50976,1.00046,-6.41821,17.6264,3.85,1
38.6,-9.82101,7.99045,4.75403,-0.970293,-9.68629,8.06072,-9.89339,7.90633,4.52274,0.978007,-6.49415,17.5613,3.86,1
38.7,-9.81413,7.82541,4.78401,1.65191,-9.58638,7.80401,-9.87559,7.81132,4.53796,0.99316,-6.56944,17.4955,3.87,1
38.8,-9.80342,7.67608,4.75795,1.49711,-9.85737,8.12403,-9.88433,7.77745,4.54696,0.962549,-6.64406,17.429,3.88,1
38.9,-9.79553,7.50298,4.79688,1.73276,-9.57825,7.58397,-9.86566,7.66744,4.56249,1.00205,-6.71802,17.3616,3.89,1
39,-9.79247,7.4669,4.8,0.36215,-9.7453,7.43395,-9.86684,7.54884,4.57513,1.00953,-6.79129,17.2936,3.9,1
39.1,-9.7843,7.37379,4.793,0.934648,-9.77014,6.84479,-9.87402,7.35591,4.58886,1.05247,-6.86389,17.2248,3.91,1
39.2,-9.78932,7.43592,4.81789,-0.623369,-9.64541,7.47682,-9.85753,7.29345,4.60209,0.976145,-6.93579,17.1553,3.92,1
39.3,-9.79369,7.47725,4.83339,-0.415532,-9.11073,7.65797,-9.78041,7.27348,4.62308,0.946354,-7.00699,17.0851,3.93,1
39.4,-9.78439,7.40079,4.8632,0.77021,-9.37841,7.02191,-9.74495,7.15314,4.64016,1.00794,-7.07749,17.0142,3.94,1
39.5,-9.77472,7.33712,4.84611,0.644,-10.1098,7.31426,-9.78988,7.09201,4.64372,0.980919,-7.14728,16.9426,3.95,1
39.6,-9.7797,7.37418,4.84668,-0.373951,-9.89308,7.40852,-9.80467,7.05737,4.65125,0.96327,-7.21634,16.8702,3.96,1
39.7,-9.77022,7.304,4.90806,0.708179,-9.95846,7.24054,-9.82539,7.00143,4.65829,0.975793,-7.28468,16.7972,3.97,1
39.8,-9.77988,7.35275,4.91961,-0.496968,-9.69206,7.36684,-9.81299,6.97596,4.66974,0.956231,-7.35229,16.7236,3.98,1
39.9,-9.7719,7.31477,4.88691,0.388118,-10.038,7.04716,-9.84072,6.90208,4.67586,0.98627,-7.41915,16.6492,3.99,1
40,-9.78511,7.3897,4.98119,-0.760841,-9.52853,7.05648,-9.80852,6.84384,4.69069,0.974339,-7.48527,16.5742,4,1
40.1,-9.77578,7.35583,5.01961,0.351291,-9.95213,7.55598,-9.82314,6.87213,4.69739,0.926637,-7.55063,16.4985,4.01,1
40.2,-9.75042,7.2759,5.01952,0.838485,-9.96834,7.3446,-9.83853,6.86251,4.70445,0.948403,-7.61524,16.4222,4.02,1
40.3,-9.75828,7.30066,5.03417,-0.259706,-9.4573,7.15525,-9.79629,6.82595,4.7204,0.962193,-7.67908,16.3452,4.03,1
40.4,-9.71517,7.17136,5.00409,1.36292,-9.74785,7.06676,-9.78948,6.78019,4.73096,0.968581,-7.74214,16.2676,4.04,1
40.5,-9.66533,7.00535,5.02283,1.73334,-9.75362,7.08964,-9.78317,6.74531,4.74132,0.962362,-7.80443,16.1894,4.05,1
40.6,-9.6106,6.83477,5.05422,1.79143,-9.50479,6.75478,-9.74994,6.66308,4.75583,0.989462,-7.86593,16.1105,4.06,1
40.7,-9.5828,6.75662,5.05954,0.829529,-9.55034,6.76369,-9.72406,6.59517,4.76902,0.981455,-7.92664,16.031,4.07,1
40.7999,-9.60642,6.82193,5.07886,-0.694502,-9.8198,6.31554,-9.72953,6.46675,4.77734,1.01646,-7.98655,15.951,4.08,1
40.8999,-9.4791,6.49019,5.10178,3.55334,-9.43266,6.39167,-9.69122,6.37076,4.79213,0.998111,-8.04566,15.8703,4.09,1
40.9999,-9.40518,6.31004,5.09483,1.94728,-9.33819,6.30139,-9.64545,6.27555,4.80782,0.99804,-8.10395,15.7891,4.1,1
41.0999,-9.35645,6.1889,5.09705,1.30573,-9.46503,6.47644,-9.61767,6.22345,4.82083,0.973066,-8.16144,15.7072,4.11,1
41.1999,-9.35836,6.19362,5.0836,-0.0509348,-9.51122,6.09506,-9.59629,6.11923,4.83238,1.0031,-8.2181,15.6248,4.12,1
41.2999,-9.36138,6.20139,5.05865,-0.0834169,-9.84653,6.22806,-9.61369,6.05372,4.83828,0.97944,-8.27393,15.5419,4.13,1
41.3999,-9.38222,6.25914,5.07067,-0.613886,-9.39143,6.76228,-9.58081,6.08197,4.85272,0.927556,-8.32894,15.4584,4.14,1
41.4999,-9.4046,6.31891,5.0652,-0.63825,-8.91894,6.29158,-9.49682,6.02934,4.87378,0.976911,-8.3831,15.3743,4.15,1
41.5999,-9.37526,6.23922,5.05822,0.84923,-9.26041,5.96662,-9.45667,5.93533,4.88745,0.998722,-8.43642,15.2897,4.16,1
41.6999,-9.37815,6.24724,5.12551,-0.0852833,-9.38709,6.02057,-9.43446,5.86567,4.89864,0.9838,-8.48889,15.2046,4.17,1
41.7999,-9.36278,6.21218,5.16461,0.382788,-9.19219,6.41162,-9.39502,5.868,4.91361,0.94397,-8.54051,15.1189,4.18,1
41.8999,-9.30175,6.08656,5.14833,1.39662,-9.17243,6.13713,-9.35502,5.82671,4.92775,0.969239,-8.59127,15.0328,4.19,1
41.9999,-9.19911,5.86621,5.15633,2.43084,-9.22442,6.40718,-9.32637,5.83527,4.9412,0.940064,-8.64117,14.9461,4.2,1
42.0999,-9.08837,5.63337,5.17452,2.57837,-9.16289,5.7039,-9.28782,5.73143,4.95339,1.0052,-8.69019,14.8589,4.21,1
42.1999,-9.04235,5.54099,5.22378,1.03203,-8.43436,5.43022,-9.17011,5.59528,4.97624,1.03197,-8.73834,14.7713,4.22,1
42.2999,-8.95985,5.39397,5.266,1.68584,-9.20519,5.47339,-9.15061,5.49531,4.98518,1.0012,-8.78562,14.6832,4.23,1
42.3999,-8.95468,5.38561,5.29997,0.0982528,-8.83155,5.67661,-9.09375,5.43974,5.00081,0.980622,-8.83201,14.5946,4.24,1
42.4999,-8.92218,5.33682,5.33619,0.586287,-8.82363,5.23762,-9.03718,5.32475,5.01431,1.01438,-8.87751,14.5055,4.25,1
42.5999,-8.82441,5.20096,5.40515,1.67388,-8.44325,5.39478,-8.94598,5.24899,5.03398,0.997342,-8.92212,14.416,4.26,1
42.6999,-8.82375,5.20017,5.41998,0.0102189,-8.64257,4.99512,-8.88196,5.12618,5.04767,1.02031,-8.96583,14.3261,4.27,1
42.7999,-8.76515,5.13166,5.51294,0.901531,-8.45285,5.24349,-8.80693,5.05987,5.06487,0.990806,-9.00864,14.2357,4.28,1
42.8999,-8.64161,5.0118,5.51852,1.72134,-8.41535,4.62339,-8.7276,4.90826,5.07898,1.03926,-9.05054,14.1449,4.29,1
42.9999,-8.58044,4.95312,5.54775,0.847633,-8.67937,5.06293,-8.69368,4.85314,5.09035,0.978578,-9.09153,14.0537,4.3,1
43.0999,-8.46326,4.8471,5.57405,1.58029,-8.7722,4.80747,-8.6706,4.76912,5.09877,0.992643,-9.13161,13.9621,4.31,1
43.1999,-8.37438,4.77084,5.57701,1.17102,-8.46707,4.30902,-8.60859,4.61747,5.10946,1.03678,-9.17077,13.8701,4.32,1
43.2999,-8.25483,4.66887,5.59504,1.57131,-8.09334,4.5528,-8.51564,4.52229,5.12702,1.01205,-9.20901,13.7777,4.33,1
43.3999,-8.22411,4.64362,5.62229,0.397708,-7.88353,4.41391,-8.40692,4.41893,5.14607,1.02007,-9.24633,13.6849,4.34,1
43.4999,-8.11124,4.55586,5.63408,1.42972,-8.1946,3.82092,-8.33701,4.24794,5.15574,1.04903,-9.28271,13.5918,4.35,1
43.5999,-7.98675,4.46139,5.64672,1.56271,-7.94233,4.6028,-8.26069,4.21956,5.17381,0.973982,-9.31816,13.4983,4.36,1
43.6999,-7.75331,4.28887,5.63972,2.90275,-7.86468,4.25489,-8.17733,4.14294,5.18994,1.00176,-9.35268,13.4044,4.37001,1
43.7999,-7.73728,4.27684,5.61893,0.200424,-7.96983,4.07842,-8.11289,4.05494,5.20254,1.00383,-9.38625,13.3102,4.38001,1
43.8999,-7.7357,4.2756,5.61839,0.0200977,-7.35004,4.10915,-7.98422,3.97519,5.22424,1.01497,-9.41888,13.2157,4.39001,1
43.9999,-7.67134,4.22516,5.62456,0.817768,-7.87695,3.97861,-7.93005,3.90053,5.23574,0.994739,-9.45056,13.1208,4.40001,1
44.0999,-7.71453,4.25859,5.6418,-0.546217,-7.64028,4.08198,-7.85673,3.84944,5.2512,0.987505,-9.48129,13.0257,4.41001,1
44.1999,-7.72682,4.26776,5.65283,-0.153355,-7.72285,4.63282,-7.8126,3.89159,5.26882,0.932256,-9.51107,12.9302,4.42001,1
44.2999,-7.70759,4.25373,5.6497,0.238061,-7.85447,4.22766,-7.77957,3.87108,5.28064,0.961778,-9.5399,12.8345,4.43001,1
44.3999,-7.54363,4.1333,5.63462,2.03437,-7.03538,4.52279,-7.65761,3.88151,5.30637,0.970921,-9.56776,12.7384,4.44001,1
44.4999,-7.34701,3.98428,5.61255,2.46707,-7.56211,4.14268,-7.60404,3.84846,5.3197,0.974318,-9.59466,12.6421,4.45001,1
44.5999,-7.14185,3.82153,5.57951,2.61877,-6.94503,3.96336,-7.47781,3.78239,5.33989,1.01233,-9.6206,12.5455,4.46001,1
44.6999,-6.98092,3.68497,5.56723,2.11063,-6.77132,3.45368,-7.33433,3.65128,5.35689,1.0503,-9.64557,12.4487,4.47001,1
44.7999,-6.85961,3.57943,5.57283,1.60787,-6.44699,3.69142,-7.17491,3.57051,5.37946,1.03123,-9.66957,12.3516,4.48001,1
44.8999,-6.8034,3.53108,5.59165,0.741538,-6.8426,3.74331,-7.08512,3.52215,5.39544,0.994363,-9.6926,12.2543,4.49001,1
44.9999,-6.73086,3.47102,5.6323,0.941717,-6.5944,3.84687,-6.97777,3.49258,5.41496,0.991641,-9.71466,12.1568,4.50001,1
45.0999,-6.64046,3.40217,5.64399,1.13635,-6.69219,2.89437,-6.87336,3.33671,5.42301,1.05074,-9.73574,12.059,4.51001,1
45.1999,-6.41805,3.23686,5.60922,2.77116,-6.64907,3.19837,-6.78657,3.24833,5.43452,1.01325,-9.75584,11.9611,4.52001,1
45.2999,-6.24343,3.09739,5.60651,2.23483,-6.31314,3.39881,-6.67399,3.19553,5.45209,1.00607,-9.77496,11.8629,4.53001,1
45.3999,-6.16216,3.03211,5.54393,1.04237,-6.07157,2.98365,-6.53488,3.08956,5.46765,1.04021,-9.7931,11.7646,4.54001,1
45.4999,-6.1092,2.98382,5.50329,0.716752,-6.27221,2.8232,-6.43672,2.98506,5.47814,1.025,-9.81025,11.666,4.55001,1
45.5999,-6.05149,2.92674,5.52933,0.811694,-6.26998,2.56468,-6.3464,2.86222,5.48573,1.03026,-9.82642,11.5674,4.56001,1
45.6999,-5.98014,2.85976,5.53094,0.978645,-5.79925,2.91884,-6.21757,2.79681,5.50306,1.01956,-9.84159,11.4685,4.57001,1
45.7999,-5.79475,2.68627,5.57888,2.53903,-5.52207,2.76213,-6.0657,2.71616,5.52115,1.03543,-9.85578,11.3695,4.58001,1
45.8999,-5.64995,2.56324,5.61152,1.90013,-5.4792,2.59552,-5.92448,2.62748,5.53685,1.03522,-9.86898,11.2704,4.59001,1
45.9999,-5.6299,2.54731,5.67975,0.25605,-5.43886,2.98924,-5.80709,2.60797,5.55662,0.997072,-9.88119,11.1711,4.60001,1
46.0999,-5.52214,2.47304,5.71811,1.30875,-5.74427,2.26877,-5.72723,2.5049,5.56337,1.01723,-9.8924,11.0718,4.61001,1
46.1999,-5.39879,2.39482,5.77208,1.46062,-5.55668,1.7974,-5.62349,2.35021,5.56704,1.0479,-9.90262,10.9723,4.62001,1
46.2999,-5.37961,2.38407,5.7899,0.219881,-5.46231,2.37476,-5.53876,2.29455,5.57909,0.999824,-9.91185,10.8727,4.63001,1
46.3999,-5.20134,2.28823,5.76881,2.02391,-5.31247,2.10828,-5.43929,2.2099,5.58935,1.01766,-9.92008,10.7731,4.64001,1
46.4999,-5.05446,2.20523,5.78101,1.6871,-4.72065,2.02108,-5.2723,2.11357,5.60503,1.05087,-9.92731,10.6733,4.65001,1
46.5999,-4.87282,2.10548,5.81133,2.07227,-5.10314,1.86259,-5.17736,2.02371,5.61374,1.01782,-9.93354,10.5735,4.66001,1
46.6999,-4.72815,2.03166,5.78195,1.6242,-4.67993,2.03331,-5.04335,1.96081,5.62919,1.02438,-9.93878,10.4737,4.67001,1
46.7999,-4.63072,1.97828,5.76158,1.11094,-4.86938,1.9923,-4.95324,1.90976,5.64136,1.00102,-9.94301,10.3737,4.68001,1
46.8999,-4.61663,1.97018,5.73909,0.162571,-4.53325,2.38845,-4.83931,1.91185,5.66176,0.99196,-9.94625,10.2738,4.69001,1
46.9999,-4.38577,1.83051,5.7274,2.69817,-4.25346,2.11274,-4.69427,1.87503,5.68032,1.0207,-9.94849,10.1738,4.70001,1
47.0999,-4.40021,1.83947,5.71926,-0.16993,-4.37883,1.8809,-4.58091,1.82079,5.69351,1.01315,-9.94973,10.0738,4.71001,1
47.1999,-4.30574,1.77973,5.72244,1.11773,-4.48377,1.82689,-4.49731,1.77276,5.70445,0.997556,-9.94996,9.97383,4.72001,1
47.2999,-4.28866,1.769,5.7422,0.201677,-4.56458,1.96608,-4.44074,1.75332,5.71624,0.975264,-9.9492,9.87383,4.73001,1
47.3998,-4.106,1.65926,5.74426,2.13098,-4.32439,1.74717,-4.35298,1.70491,5.72718,0.999797,-9.94744,9.77385,4.74001,1
47.4998,-4.09235,1.6511,5.77001,0.158971,-4.40541,1.34254,-4.28032,1.61619,5.73171,1.00618,-9.94468,9.67389,4.75001,1
47.5998,-3.99174,1.5944,5.77519,1.15486,-3.95436,1.68909,-4.16371,1.57399,5.74566,1.01161,-9.94092,9.57396,4.76001,1
47.6998,-4.05009,1.62689,5.80148,-0.667801,-3.9726,1.54914,-4.06336,1.52368,5.75699,1.00665,-9.93616,9.47407,4.77001,1
47.7998,-3.98044,1.59048,5.84795,0.785876,-4.19618,1.93635,-4.01893,1.5362,5.7714,0.959853,-9.9304,9.37424,4.78001,1
47.8998,-3.87042,1.53932,5.83662,1.21332,-3.82571,2.00077,-3.928,1.54864,5.78948,0.982784,-9.92364,9.27447,4.79001,1
47.9998,-3.695,1.45533,5.8286,1.9449,-3.78075,1.76525,-3.83723,1.53257,5.80369,0.991822,-9.91588,9.17477,4.80001,1
48.0998,-3.4912,1.35572,5.84835,2.26843,-3.58661,1.19108,-3.71848,1.44655,5.81089,1.02671,-9.90713,9.07515,4.81002,1
48.1998,-3.41983,1.32257,5.84635,0.786895,-3.07059,1.42113,-3.54827,1.39142,5.82582,1.04328,-9.89739,8.97563,4.82002,1
48.2998,-3.25831,1.24716,5.88232,1.78261,-2.90294,0.758087,-3.36456,1.26355,5.83189,1.07102,-9.88664,8.87621,4.83002,1
48.3998,-3.14271,1.19817,5.92221,1.25551,-3.26515,0.593257,-3.26,1.14363,5.83291,1.02861,-9.87491,8.7769,4.84002,1
48.4998,-2.97721,1.13569,5.97619,1.76901,-3.2558,0.851106,-3.17745,1.07176,5.83863,1.00394,-9.86218,8.67771,4.85002,1
48.5998,-2.87289,1.10261,5.98542,1.09436,-3.41151,1.07935,-3.13619,1.04151,5.84688,0.971526,-9.84846,8.57866,4.86002,1
48.6998,-2.82206,1.08701,6.00568,0.531752,-2.90853,1.35011,-3.03234,1.03866,5.86306,0.996378,-9.83375,8.47974,4.87002,1
48.7998,-2.91414,1.11324,6.01798,-0.957407,-2.89004,0.732873,-2.92816,0.965101,5.86953,1.01512,-9.81805,8.38098,4.88002,1
48.8998,-2.69514,1.05376,6.02834,2.26934,-2.44064,1.33634,-2.78565,0.966255,5.88849,1.01592,-9.80137,8.28238,4.89002,1
48.9998,-2.60404,1.03003,6.07111,0.941421,-1.99356,0.87821,-2.58772,0.908357,5.90269,1.05988,-9.7837,8.18396,4.90002,1
49.0998,-2.38949,0.983833,6.10344,2.19462,-2.25215,1.10658,-2.46293,0.894516,5.91789,1.01111,-9.76505,8.08571,4.91002,1
49.1998,-2.30761,0.968954,6.12863,0.832228,-2.68726,0.798711,-2.41621,0.857609,5.92485,0.975676,-9.74541,7.98766,4.92002,1
49.2998,-2.14903,0.944248,6.14615,1.60495,-1.78301,0.947764,-2.24345,0.827438,5.94027,1.04078,-9.7248,7.88981,4.93002,1
49.3998,-2.13292,0.942027,6.16821,0.162593,-1.78667,0.816163,-2.09482,0.789971,5.95292,1.02985,-9.70321,7.79217,4.94002,1
49.4998,-2.06193,0.933829,6.17188,0.714665,-2.44137,0.999872,-2.07136,0.793539,5.9639,0.954149,-9.68064,7.69475,4.95002,1
49.5998,-2.05997,0.93361,6.17661,0.0197035,-1.96221,0.935093,-1.9772,0.782045,5.97664,0.995409,-9.6571,7.59756,4.96002,1
49.6998,-2.15709,0.944,6.24922,-0.976773,-1.7028,1.17831,-1.86161,0.798385,5.99427,1.00148,-9.63259,7.50061,4.97002,1
49.7998,-2.15051,0.943777,6.26177,0.065809,-2.39565,0.77496,-1.86216,0.780606,6.0008,0.945572,-9.60711,7.40391,4.98002,1
49.8998,-1.85312,0.937407,6.27923,2.9746,-1.66845,1.36239,-1.76067,0.821464,6.02082,0.989936,-9.58067,7.30747,4.99002,1
49.9998,-1.70585,0.936825,6.25845,1.47271,-1.18924,1.20391,-1.59729,0.835241,6.0397,1.02934,-9.55326,7.2113,5.00002,1
50.0998,-1.648,0.935394,6.24818,0.578672,-1.20849,0.615511,-1.45243,0.784503,6.0481,1.03095,-9.52489,7.1154,5.01002,1
